date,hours,equipment,zone,inspector,point,description,L_raw_mm,caution_mm,danger_mm,structural_state,severity_ratio,caution_utilization,margin_to_caution_mm,margin_to_danger_mm,margin_to_caution_pct,margin_to_danger_pct,delta_L_raw,delta_L_effective,change_class,delta_L_bridged_raw,bridged_change_class,bridged_from_date,bridged_from_hours,bridged_elapsed_days,bridged_elapsed_hours,bridge_null_count,gap_spanning_change,data_warning,raw_growth_rate_mm_1000h,effective_growth_rate_mm_1000h,maintenance_event,maintenance_segment,days_since_last_inspection,hours_since_last_inspection,days_since_last_repair,hours_since_last_repair,inspections_since_last_repair,maintenance_action,maintenance_priority,maintenance_mode,decision_reason,is_first_post_repair_inspection,is_initial_measure,fila_excel_origen
2023-01-16,41236.0,EH4-01,Tijeras y spindle (suspensión delantera),INSP-01,SD-01,"Metal base de tijeras, lado derecho",0.0,140,200,Normal,0.0,0.0,140.0,200.0,100.0,100.0,,,N_I,,,,,,,0,False,,,,False,0,,,,,,INITIAL_MEASURE,,,Primera medición válida de la serie; establece línea base y no tiene ΔL previo.,False,True,10
2023-01-16,41236.0,EH4-01,Tijeras y spindle (suspensión delantera),INSP-01,SD-02,"Metal base de tijeras, lado izquierdo",0.0,140,200,Normal,0.0,0.0,140.0,200.0,100.0,100.0,,,N_I,,,,,,,0,False,,,,False,0,,,,,,INITIAL_MEASURE,,,Primera medición válida de la serie; establece línea base y no tiene ΔL previo.,False,True,11
2023-01-16,41236.0,EH4-01,Tijeras y spindle (suspensión delantera),INSP-01,SD-03,"Metal base de spindle, lado derecho",0.0,35,50,Normal,0.0,0.0,35.0,50.0,100.0,100.0,,,N_I,,,,,,,0,False,,,,False,0,,,,,,INITIAL_MEASURE,,,Primera medición válida de la serie; establece línea base y no tiene ΔL previo.,False,True,12
2023-01-16,41236.0,EH4-01,Tijeras y spindle (suspensión delantera),INSP-01,SD-04,"Metal base de spindle, lado izquierdo",0.0,35,50,Normal,0.0,0.0,35.0,50.0,100.0,100.0,,,N_I,,,,,,,0,False,,,,False,0,,,,,,INITIAL_MEASURE,,,Primera medición válida de la serie; establece línea base y no tiene ΔL previo.,False,True,13
2023-02-18,41767.7,EH4-01,Tijeras y spindle (suspensión delantera),INSP-02,SD-01,"Metal base de tijeras, lado derecho",0.0,140,200,Normal,0.0,0.0,140.0,200.0,100.0,100.0,0.0,0.0,STABLE_WITHIN_TOLERANCE,,,,,,,0,False,,0.0,0.0,False,0,33.0,531.6999999999971,,,,MONITOR_ROUTINE,P0,PREVENTIVE,Normal y sin cambio superior a la tolerancia de medición.,False,False,22
2023-02-18,41767.7,EH4-01,Tijeras y spindle (suspensión delantera),INSP-02,SD-02,"Metal base de tijeras, lado izquierdo",0.0,140,200,Normal,0.0,0.0,140.0,200.0,100.0,100.0,0.0,0.0,STABLE_WITHIN_TOLERANCE,,,,,,,0,False,,0.0,0.0,False,0,33.0,531.6999999999971,,,,MONITOR_ROUTINE,P0,PREVENTIVE,Normal y sin cambio superior a la tolerancia de medición.,False,False,23
2023-02-18,41767.7,EH4-01,Tijeras y spindle (suspensión delantera),INSP-02,SD-03,"Metal base de spindle, lado derecho",0.0,35,50,Normal,0.0,0.0,35.0,50.0,100.0,100.0,0.0,0.0,STABLE_WITHIN_TOLERANCE,,,,,,,0,False,,0.0,0.0,False,0,33.0,531.6999999999971,,,,MONITOR_ROUTINE,P0,PREVENTIVE,Normal y sin cambio superior a la tolerancia de medición.,False,False,24
2023-02-18,41767.7,EH4-01,Tijeras y spindle (suspensión delantera),INSP-02,SD-04,"Metal base de spindle, lado izquierdo",0.0,35,50,Normal,0.0,0.0,35.0,50.0,100.0,100.0,0.0,0.0,STABLE_WITHIN_TOLERANCE,,,,,,,0,False,,0.0,0.0,False,0,33.0,531.6999999999971,,,,MONITOR_ROUTINE,P0,PREVENTIVE,Normal y sin cambio superior a la tolerancia de medición.,False,False,25
2023-03-31,42489.4,EH4-01,Tijeras y spindle (suspensión delantera),INSP-03,SD-01,"Metal base de tijeras, lado derecho",0.0,140,200,Normal,0.0,0.0,140.0,200.0,100.0,100.0,0.0,0.0,STABLE_WITHIN_TOLERANCE,,,,,,,0,False,,0.0,0.0,False,0,41.0,721.7000000000044,,,,MONITOR_ROUTINE,P0,PREVENTIVE,Normal y sin cambio superior a la tolerancia de medición.,False,False,34
2023-03-31,42489.4,EH4-01,Tijeras y spindle (suspensión delantera),INSP-03,SD-02,"Metal base de tijeras, lado izquierdo",0.0,140,200,Normal,0.0,0.0,140.0,200.0,100.0,100.0,0.0,0.0,STABLE_WITHIN_TOLERANCE,,,,,,,0,False,,0.0,0.0,False,0,41.0,721.7000000000044,,,,MONITOR_ROUTINE,P0,PREVENTIVE,Normal y sin cambio superior a la tolerancia de medición.,False,False,35
2023-03-31,42489.4,EH4-01,Tijeras y spindle (suspensión delantera),INSP-03,SD-03,"Metal base de spindle, lado derecho",0.0,35,50,Normal,0.0,0.0,35.0,50.0,100.0,100.0,0.0,0.0,STABLE_WITHIN_TOLERANCE,,,,,,,0,False,,0.0,0.0,False,0,41.0,721.7000000000044,,,,MONITOR_ROUTINE,P0,PREVENTIVE,Normal y sin cambio superior a la tolerancia de medición.,False,False,36
2023-03-31,42489.4,EH4-01,Tijeras y spindle (suspensión delantera),INSP-03,SD-04,"Metal base de spindle, lado izquierdo",0.0,35,50,Normal,0.0,0.0,35.0,50.0,100.0,100.0,0.0,0.0,STABLE_WITHIN_TOLERANCE,,,,,,,0,False,,0.0,0.0,False,0,41.0,721.7000000000044,,,,MONITOR_ROUTINE,P0,PREVENTIVE,Normal y sin cambio superior a la tolerancia de medición.,False,False,37
2023-05-09,43139.3,EH4-01,Tijeras y spindle (suspensión delantera),INSP-01,SD-01,"Metal base de tijeras, lado derecho",30.0,140,200,Normal,0.15,0.21428571428571427,110.0,170.0,78.57142857142857,85.0,30.0,30.0,SIGNIFICANT_GROWTH,,,,,,,0,False,,46.16094783812884,46.16094783812884,False,0,39.0,649.9000000000015,,,,MONITOR_INTENSIFIED,P1,PREVENTIVE,Normal con crecimiento significativo de 30 mm desde la inspección anterior.,False,False,46
2023-05-09,43139.3,EH4-01,Tijeras y spindle (suspensión delantera),INSP-01,SD-02,"Metal base de tijeras, lado izquierdo",0.0,140,200,Normal,0.0,0.0,140.0,200.0,100.0,100.0,0.0,0.0,STABLE_WITHIN_TOLERANCE,,,,,,,0,False,,0.0,0.0,False,0,39.0,649.9000000000015,,,,MONITOR_ROUTINE,P0,PREVENTIVE,Normal y sin cambio superior a la tolerancia de medición.,False,False,47
2023-05-09,43139.3,EH4-01,Tijeras y spindle (suspensión delantera),INSP-01,SD-03,"Metal base de spindle, lado derecho",0.0,35,50,Normal,0.0,0.0,35.0,50.0,100.0,100.0,0.0,0.0,STABLE_WITHIN_TOLERANCE,,,,,,,0,False,,0.0,0.0,False,0,39.0,649.9000000000015,,,,MONITOR_ROUTINE,P0,PREVENTIVE,Normal y sin cambio superior a la tolerancia de medición.,False,False,48
2023-05-09,43139.3,EH4-01,Tijeras y spindle (suspensión delantera),INSP-01,SD-04,"Metal base de spindle, lado izquierdo",0.0,35,50,Normal,0.0,0.0,35.0,50.0,100.0,100.0,0.0,0.0,STABLE_WITHIN_TOLERANCE,,,,,,,0,False,,0.0,0.0,False,0,39.0,649.9000000000015,,,,MONITOR_ROUTINE,P0,PREVENTIVE,Normal y sin cambio superior a la tolerancia de medición.,False,False,49
2023-06-09,43626.8,EH4-01,Tijeras y spindle (suspensión delantera),INSP-03,SD-01,"Metal base de tijeras, lado derecho",40.0,140,200,Normal,0.2,0.2857142857142857,100.0,160.0,71.42857142857143,80.0,10.0,0.0,STABLE_WITHIN_TOLERANCE,,,,,,,0,False,,20.512820512820515,0.0,False,0,31.0,487.5,,,,MONITOR_ROUTINE,P0,PREVENTIVE,Normal y sin cambio superior a la tolerancia de medición.,False,False,58
2023-06-09,43626.8,EH4-01,Tijeras y spindle (suspensión delantera),INSP-03,SD-02,"Metal base de tijeras, lado izquierdo",0.0,140,200,Normal,0.0,0.0,140.0,200.0,100.0,100.0,0.0,0.0,STABLE_WITHIN_TOLERANCE,,,,,,,0,False,,0.0,0.0,False,0,31.0,487.5,,,,MONITOR_ROUTINE,P0,PREVENTIVE,Normal y sin cambio superior a la tolerancia de medición.,False,False,59
2023-06-09,43626.8,EH4-01,Tijeras y spindle (suspensión delantera),INSP-03,SD-03,"Metal base de spindle, lado derecho",,35,50,N/I,,,,,,,,,N_I,,,,,,,0,False,CURRENT_MEASUREMENT_NULL,,,False,0,31.0,487.5,,,,REINSPECTION_REQUIRED,P1,INSPECTION,Medición no disponible. Condición estructural no evaluable.,False,False,60
2023-06-09,43626.8,EH4-01,Tijeras y spindle (suspensión delantera),INSP-03,SD-04,"Metal base de spindle, lado izquierdo",0.0,35,50,Normal,0.0,0.0,35.0,50.0,100.0,100.0,0.0,0.0,STABLE_WITHIN_TOLERANCE,,,,,,,0,False,,0.0,0.0,False,0,31.0,487.5,,,,MONITOR_ROUTINE,P0,PREVENTIVE,Normal y sin cambio superior a la tolerancia de medición.,False,False,61
2023-07-17,44280.2,EH4-01,Tijeras y spindle (suspensión delantera),INSP-03,SD-01,"Metal base de tijeras, lado derecho",60.0,140,200,Normal,0.3,0.42857142857142855,80.0,140.0,57.14285714285714,70.0,20.0,20.0,SIGNIFICANT_GROWTH,,,,,,,0,False,,30.609121518212703,30.609121518212703,False,0,38.0,653.3999999999942,,,,MONITOR_INTENSIFIED,P1,PREVENTIVE,Normal con crecimiento significativo de 20 mm desde la inspección anterior.,False,False,70
2023-07-17,44280.2,EH4-01,Tijeras y spindle (suspensión delantera),INSP-03,SD-02,"Metal base de tijeras, lado izquierdo",0.0,140,200,Normal,0.0,0.0,140.0,200.0,100.0,100.0,0.0,0.0,STABLE_WITHIN_TOLERANCE,,,,,,,0,False,,0.0,0.0,False,0,38.0,653.3999999999942,,,,MONITOR_ROUTINE,P0,PREVENTIVE,Normal y sin cambio superior a la tolerancia de medición.,False,False,71
2023-07-17,44280.2,EH4-01,Tijeras y spindle (suspensión delantera),INSP-03,SD-03,"Metal base de spindle, lado derecho",0.0,35,50,Normal,0.0,0.0,35.0,50.0,100.0,100.0,,,N_I,0.0,GAP_SPANNING_CHANGE,2023-05-09,43139.3,69.0,1140.8999999999942,1,True,GAP_SPANNING_CHANGE,,,False,0,38.0,653.3999999999942,,,,MONITOR_ROUTINE,P0,PREVENTIVE,Estado actual Normal. ΔL consecutivo no calculable por NULL previo; cambio puenteado 0 mm mostrado con advertencia y no usado para priorizar.,False,False,72
2023-07-17,44280.2,EH4-01,Tijeras y spindle (suspensión delantera),INSP-03,SD-04,"Metal base de spindle, lado izquierdo",0.0,35,50,Normal,0.0,0.0,35.0,50.0,100.0,100.0,0.0,0.0,STABLE_WITHIN_TOLERANCE,,,,,,,0,False,,0.0,0.0,False,0,38.0,653.3999999999942,,,,MONITOR_ROUTINE,P0,PREVENTIVE,Normal y sin cambio superior a la tolerancia de medición.,False,False,73
2023-08-23,44940.0,EH4-01,Tijeras y spindle (suspensión delantera),INSP-01,SD-01,"Metal base de tijeras, lado derecho",60.0,140,200,Normal,0.3,0.42857142857142855,80.0,140.0,57.14285714285714,70.0,0.0,0.0,STABLE_WITHIN_TOLERANCE,,,,,,,0,False,,0.0,0.0,False,0,37.0,659.8000000000029,,,,MONITOR_ROUTINE,P0,PREVENTIVE,Normal y sin cambio superior a la tolerancia de medición.,False,False,82
2023-08-23,44940.0,EH4-01,Tijeras y spindle (suspensión delantera),INSP-01,SD-02,"Metal base de tijeras, lado izquierdo",,140,200,N/I,,,,,,,,,N_I,,,,,,,0,False,CURRENT_MEASUREMENT_NULL,,,False,0,37.0,659.8000000000029,,,,REINSPECTION_REQUIRED,P1,INSPECTION,Medición no disponible. Condición estructural no evaluable.,False,False,83
2023-08-23,44940.0,EH4-01,Tijeras y spindle (suspensión delantera),INSP-01,SD-03,"Metal base de spindle, lado derecho",0.0,35,50,Normal,0.0,0.0,35.0,50.0,100.0,100.0,0.0,0.0,STABLE_WITHIN_TOLERANCE,,,,,,,0,False,,0.0,0.0,False,0,37.0,659.8000000000029,,,,MONITOR_ROUTINE,P0,PREVENTIVE,Normal y sin cambio superior a la tolerancia de medición.,False,False,84
2023-08-23,44940.0,EH4-01,Tijeras y spindle (suspensión delantera),INSP-01,SD-04,"Metal base de spindle, lado izquierdo",0.0,35,50,Normal,0.0,0.0,35.0,50.0,100.0,100.0,0.0,0.0,STABLE_WITHIN_TOLERANCE,,,,,,,0,False,,0.0,0.0,False,0,37.0,659.8000000000029,,,,MONITOR_ROUTINE,P0,PREVENTIVE,Normal y sin cambio superior a la tolerancia de medición.,False,False,85
2023-09-22,45436.5,EH4-01,Tijeras y spindle (suspensión delantera),INSP-02,SD-01,"Metal base de tijeras, lado derecho",70.0,140,200,Normal,0.35,0.5,70.0,130.0,50.0,65.0,10.0,0.0,STABLE_WITHIN_TOLERANCE,,,,,,,0,False,,20.14098690835851,0.0,False,0,30.0,496.5,,,,MONITOR_ROUTINE,P0,PREVENTIVE,Normal y sin cambio superior a la tolerancia de medición.,False,False,94
2023-09-22,45436.5,EH4-01,Tijeras y spindle (suspensión delantera),INSP-02,SD-02,"Metal base de tijeras, lado izquierdo",0.0,140,200,Normal,0.0,0.0,140.0,200.0,100.0,100.0,,,N_I,0.0,GAP_SPANNING_CHANGE,2023-07-17,44280.2,67.0,1156.300000000003,1,True,GAP_SPANNING_CHANGE,,,False,0,30.0,496.5,,,,MONITOR_ROUTINE,P0,PREVENTIVE,Estado actual Normal. ΔL consecutivo no calculable por NULL previo; cambio puenteado 0 mm mostrado con advertencia y no usado para priorizar.,False,False,95
2023-09-22,45436.5,EH4-01,Tijeras y spindle (suspensión delantera),INSP-02,SD-03,"Metal base de spindle, lado derecho",0.0,35,50,Normal,0.0,0.0,35.0,50.0,100.0,100.0,0.0,0.0,STABLE_WITHIN_TOLERANCE,,,,,,,0,False,,0.0,0.0,False,0,30.0,496.5,,,,MONITOR_ROUTINE,P0,PREVENTIVE,Normal y sin cambio superior a la tolerancia de medición.,False,False,96
2023-09-22,45436.5,EH4-01,Tijeras y spindle (suspensión delantera),INSP-02,SD-04,"Metal base de spindle, lado izquierdo",0.0,35,50,Normal,0.0,0.0,35.0,50.0,100.0,100.0,0.0,0.0,STABLE_WITHIN_TOLERANCE,,,,,,,0,False,,0.0,0.0,False,0,30.0,496.5,,,,MONITOR_ROUTINE,P0,PREVENTIVE,Normal y sin cambio superior a la tolerancia de medición.,False,False,97
2023-10-30,46091.8,EH4-01,Tijeras y spindle (suspensión delantera),INSP-03,SD-01,"Metal base de tijeras, lado derecho",80.0,140,200,Normal,0.4,0.5714285714285714,60.0,120.0,42.857142857142854,60.0,10.0,0.0,STABLE_WITHIN_TOLERANCE,,,,,,,0,False,,15.26018617427126,0.0,False,0,38.0,655.3000000000029,,,,MONITOR_ROUTINE,P0,PREVENTIVE,Normal y sin cambio superior a la tolerancia de medición.,False,False,106
2023-10-30,46091.8,EH4-01,Tijeras y spindle (suspensión delantera),INSP-03,SD-02,"Metal base de tijeras, lado izquierdo",30.0,140,200,Normal,0.15,0.21428571428571427,110.0,170.0,78.57142857142857,85.0,30.0,30.0,SIGNIFICANT_GROWTH,,,,,,,0,False,,45.78055852281378,45.78055852281378,False,0,38.0,655.3000000000029,,,,MONITOR_INTENSIFIED,P1,PREVENTIVE,Normal con crecimiento significativo de 30 mm desde la inspección anterior.,False,False,107
2023-10-30,46091.8,EH4-01,Tijeras y spindle (suspensión delantera),INSP-03,SD-03,"Metal base de spindle, lado derecho",0.0,35,50,Normal,0.0,0.0,35.0,50.0,100.0,100.0,0.0,0.0,STABLE_WITHIN_TOLERANCE,,,,,,,0,False,,0.0,0.0,False,0,38.0,655.3000000000029,,,,MONITOR_ROUTINE,P0,PREVENTIVE,Normal y sin cambio superior a la tolerancia de medición.,False,False,108
2023-10-30,46091.8,EH4-01,Tijeras y spindle (suspensión delantera),INSP-03,SD-04,"Metal base de spindle, lado izquierdo",0.0,35,50,Normal,0.0,0.0,35.0,50.0,100.0,100.0,0.0,0.0,STABLE_WITHIN_TOLERANCE,,,,,,,0,False,,0.0,0.0,False,0,38.0,655.3000000000029,,,,MONITOR_ROUTINE,P0,PREVENTIVE,Normal y sin cambio superior a la tolerancia de medición.,False,False,109
2023-12-01,46646.6,EH4-01,Tijeras y spindle (suspensión delantera),INSP-02,SD-01,"Metal base de tijeras, lado derecho",90.0,140,200,Normal,0.45,0.6428571428571429,50.0,110.0,35.714285714285715,55.00000000000001,10.0,0.0,STABLE_WITHIN_TOLERANCE,,,,,,,0,False,,18.02451333814001,0.0,False,0,32.0,554.7999999999956,,,,MONITOR_ROUTINE,P0,PREVENTIVE,Normal y sin cambio superior a la tolerancia de medición.,False,False,118
2023-12-01,46646.6,EH4-01,Tijeras y spindle (suspensión delantera),INSP-02,SD-02,"Metal base de tijeras, lado izquierdo",30.0,140,200,Normal,0.15,0.21428571428571427,110.0,170.0,78.57142857142857,85.0,0.0,0.0,STABLE_WITHIN_TOLERANCE,,,,,,,0,False,,0.0,0.0,False,0,32.0,554.7999999999956,,,,MONITOR_ROUTINE,P0,PREVENTIVE,Normal y sin cambio superior a la tolerancia de medición.,False,False,119
2023-12-01,46646.6,EH4-01,Tijeras y spindle (suspensión delantera),INSP-02,SD-03,"Metal base de spindle, lado derecho",0.0,35,50,Normal,0.0,0.0,35.0,50.0,100.0,100.0,0.0,0.0,STABLE_WITHIN_TOLERANCE,,,,,,,0,False,,0.0,0.0,False,0,32.0,554.7999999999956,,,,MONITOR_ROUTINE,P0,PREVENTIVE,Normal y sin cambio superior a la tolerancia de medición.,False,False,120
2023-12-01,46646.6,EH4-01,Tijeras y spindle (suspensión delantera),INSP-02,SD-04,"Metal base de spindle, lado izquierdo",0.0,35,50,Normal,0.0,0.0,35.0,50.0,100.0,100.0,0.0,0.0,STABLE_WITHIN_TOLERANCE,,,,,,,0,False,,0.0,0.0,False,0,32.0,554.7999999999956,,,,MONITOR_ROUTINE,P0,PREVENTIVE,Normal y sin cambio superior a la tolerancia de medición.,False,False,121
2024-01-09,47308.1,EH4-01,Tijeras y spindle (suspensión delantera),INSP-03,SD-01,"Metal base de tijeras, lado derecho",110.0,140,200,Normal,0.55,0.7857142857142857,30.0,90.0,21.428571428571427,45.0,20.0,20.0,SIGNIFICANT_GROWTH,,,,,,,0,False,,30.234315948601665,30.234315948601665,False,0,39.0,661.5,,,,MONITOR_INTENSIFIED,P1,PREVENTIVE,Normal con crecimiento significativo de 20 mm desde la inspección anterior.,False,False,130
2024-01-09,47308.1,EH4-01,Tijeras y spindle (suspensión delantera),INSP-03,SD-02,"Metal base de tijeras, lado izquierdo",40.0,140,200,Normal,0.2,0.2857142857142857,100.0,160.0,71.42857142857143,80.0,10.0,0.0,STABLE_WITHIN_TOLERANCE,,,,,,,0,False,,15.117157974300833,0.0,False,0,39.0,661.5,,,,MONITOR_ROUTINE,P0,PREVENTIVE,Normal y sin cambio superior a la tolerancia de medición.,False,False,131
2024-01-09,47308.1,EH4-01,Tijeras y spindle (suspensión delantera),INSP-03,SD-03,"Metal base de spindle, lado derecho",0.0,35,50,Normal,0.0,0.0,35.0,50.0,100.0,100.0,0.0,0.0,STABLE_WITHIN_TOLERANCE,,,,,,,0,False,,0.0,0.0,False,0,39.0,661.5,,,,MONITOR_ROUTINE,P0,PREVENTIVE,Normal y sin cambio superior a la tolerancia de medición.,False,False,132
2024-01-09,47308.1,EH4-01,Tijeras y spindle (suspensión delantera),INSP-03,SD-04,"Metal base de spindle, lado izquierdo",,35,50,N/I,,,,,,,,,N_I,,,,,,,0,False,CURRENT_MEASUREMENT_NULL,,,False,0,39.0,661.5,,,,REINSPECTION_REQUIRED,P1,INSPECTION,Medición no disponible. Condición estructural no evaluable.,False,False,133
2024-02-11,47870.3,EH4-01,Tijeras y spindle (suspensión delantera),INSP-03,SD-01,"Metal base de tijeras, lado derecho",120.0,140,200,Normal,0.6,0.8571428571428571,20.0,80.0,14.285714285714285,40.0,10.0,0.0,STABLE_WITHIN_TOLERANCE,,,,,,,0,False,,17.78726431874764,0.0,False,0,33.0,562.2000000000044,,,,MONITOR_ROUTINE,P0,PREVENTIVE,Normal y sin cambio superior a la tolerancia de medición.,False,False,142
2024-02-11,47870.3,EH4-01,Tijeras y spindle (suspensión delantera),INSP-03,SD-02,"Metal base de tijeras, lado izquierdo",40.0,140,200,Normal,0.2,0.2857142857142857,100.0,160.0,71.42857142857143,80.0,0.0,0.0,STABLE_WITHIN_TOLERANCE,,,,,,,0,False,,0.0,0.0,False,0,33.0,562.2000000000044,,,,MONITOR_ROUTINE,P0,PREVENTIVE,Normal y sin cambio superior a la tolerancia de medición.,False,False,143
2024-02-11,47870.3,EH4-01,Tijeras y spindle (suspensión delantera),INSP-03,SD-03,"Metal base de spindle, lado derecho",0.0,35,50,Normal,0.0,0.0,35.0,50.0,100.0,100.0,0.0,0.0,STABLE_WITHIN_TOLERANCE,,,,,,,0,False,,0.0,0.0,False,0,33.0,562.2000000000044,,,,MONITOR_ROUTINE,P0,PREVENTIVE,Normal y sin cambio superior a la tolerancia de medición.,False,False,144
2024-02-11,47870.3,EH4-01,Tijeras y spindle (suspensión delantera),INSP-03,SD-04,"Metal base de spindle, lado izquierdo",0.0,35,50,Normal,0.0,0.0,35.0,50.0,100.0,100.0,,,N_I,0.0,GAP_SPANNING_CHANGE,2023-12-01,46646.6,72.0,1223.7000000000044,1,True,GAP_SPANNING_CHANGE,,,False,0,33.0,562.2000000000044,,,,MONITOR_ROUTINE,P0,PREVENTIVE,Estado actual Normal. ΔL consecutivo no calculable por NULL previo; cambio puenteado 0 mm mostrado con advertencia y no usado para priorizar.,False,False,145
2024-03-13,48382.9,EH4-01,Tijeras y spindle (suspensión delantera),INSP-02,SD-01,"Metal base de tijeras, lado derecho",130.0,140,200,Normal,0.65,0.9285714285714286,10.0,70.0,7.142857142857142,35.0,10.0,0.0,STABLE_WITHIN_TOLERANCE,,,,,,,0,False,,19.50838860710111,0.0,False,0,31.0,512.5999999999985,,,,MONITOR_ROUTINE,P0,PREVENTIVE,Normal y sin cambio superior a la tolerancia de medición.,False,False,154
2024-03-13,48382.9,EH4-01,Tijeras y spindle (suspensión delantera),INSP-02,SD-02,"Metal base de tijeras, lado izquierdo",50.0,140,200,Normal,0.25,0.35714285714285715,90.0,150.0,64.28571428571429,75.0,10.0,0.0,STABLE_WITHIN_TOLERANCE,,,,,,,0,False,,19.50838860710111,0.0,False,0,31.0,512.5999999999985,,,,MONITOR_ROUTINE,P0,PREVENTIVE,Normal y sin cambio superior a la tolerancia de medición.,False,False,155
2024-03-13,48382.9,EH4-01,Tijeras y spindle (suspensión delantera),INSP-02,SD-03,"Metal base de spindle, lado derecho",0.0,35,50,Normal,0.0,0.0,35.0,50.0,100.0,100.0,0.0,0.0,STABLE_WITHIN_TOLERANCE,,,,,,,0,False,,0.0,0.0,False,0,31.0,512.5999999999985,,,,MONITOR_ROUTINE,P0,PREVENTIVE,Normal y sin cambio superior a la tolerancia de medición.,False,False,156
2024-03-13,48382.9,EH4-01,Tijeras y spindle (suspensión delantera),INSP-02,SD-04,"Metal base de spindle, lado izquierdo",0.0,35,50,Normal,0.0,0.0,35.0,50.0,100.0,100.0,0.0,0.0,STABLE_WITHIN_TOLERANCE,,,,,,,0,False,,0.0,0.0,False,0,31.0,512.5999999999985,,,,MONITOR_ROUTINE,P0,PREVENTIVE,Normal y sin cambio superior a la tolerancia de medición.,False,False,157
2024-04-18,48953.6,EH4-01,Tijeras y spindle (suspensión delantera),INSP-01,SD-01,"Metal base de tijeras, lado derecho",150.0,140,200,Alerta,0.75,1.0714285714285714,-10.0,50.0,-7.142857142857142,25.0,20.0,20.0,SIGNIFICANT_GROWTH,,,,,,,0,False,,35.04468196951131,35.04468196951131,False,0,36.0,570.6999999999971,,,,PRIORITIZE_REPAIR,P3,CORRECTIVE_PRIORITY,L = 150 mm supera Caution = 140 mm y creció 20 mm desde la inspección anterior. Priorizar reparación.,False,False,166
2024-04-18,48953.6,EH4-01,Tijeras y spindle (suspensión delantera),INSP-01,SD-02,"Metal base de tijeras, lado izquierdo",50.0,140,200,Normal,0.25,0.35714285714285715,90.0,150.0,64.28571428571429,75.0,0.0,0.0,STABLE_WITHIN_TOLERANCE,,,,,,,0,False,,0.0,0.0,False,0,36.0,570.6999999999971,,,,MONITOR_ROUTINE,P0,PREVENTIVE,Normal y sin cambio superior a la tolerancia de medición.,False,False,167
2024-04-18,48953.6,EH4-01,Tijeras y spindle (suspensión delantera),INSP-01,SD-03,"Metal base de spindle, lado derecho",10.0,35,50,Normal,0.2,0.2857142857142857,25.0,40.0,71.42857142857143,80.0,10.0,0.0,STABLE_WITHIN_TOLERANCE,,,,,,,0,False,,17.522340984755655,0.0,False,0,36.0,570.6999999999971,,,,MONITOR_ROUTINE,P0,PREVENTIVE,Normal y sin cambio superior a la tolerancia de medición.,False,False,168
2024-04-18,48953.6,EH4-01,Tijeras y spindle (suspensión delantera),INSP-01,SD-04,"Metal base de spindle, lado izquierdo",0.0,35,50,Normal,0.0,0.0,35.0,50.0,100.0,100.0,0.0,0.0,STABLE_WITHIN_TOLERANCE,,,,,,,0,False,,0.0,0.0,False,0,36.0,570.6999999999971,,,,MONITOR_ROUTINE,P0,PREVENTIVE,Normal y sin cambio superior a la tolerancia de medición.,False,False,169
2024-05-19,49494.2,EH4-01,Tijeras y spindle (suspensión delantera),INSP-03,SD-01,"Metal base de tijeras, lado derecho",140.0,140,200,Alerta,0.7,1.0,0.0,60.0,0.0,30.0,-10.0,0.0,STABLE_WITHIN_TOLERANCE,,,,,,,0,False,,-18.497965223825428,0.0,False,0,31.0,540.5999999999985,,,,PLAN_REPAIR,P2,CORRECTIVE_PLANNED,L = 140 mm supera Caution = 140 mm. Reparación programable.,False,False,178
2024-05-19,49494.2,EH4-01,Tijeras y spindle (suspensión delantera),INSP-03,SD-02,"Metal base de tijeras, lado izquierdo",60.0,140,200,Normal,0.3,0.42857142857142855,80.0,140.0,57.14285714285714,70.0,10.0,0.0,STABLE_WITHIN_TOLERANCE,,,,,,,0,False,,18.497965223825428,0.0,False,0,31.0,540.5999999999985,,,,MONITOR_ROUTINE,P0,PREVENTIVE,Normal y sin cambio superior a la tolerancia de medición.,False,False,179
2024-05-19,49494.2,EH4-01,Tijeras y spindle (suspensión delantera),INSP-03,SD-03,"Metal base de spindle, lado derecho",15.0,35,50,Normal,0.3,0.42857142857142855,20.0,35.0,57.14285714285714,70.0,5.0,0.0,STABLE_WITHIN_TOLERANCE,,,,,,,0,False,,9.248982611912714,0.0,False,0,31.0,540.5999999999985,,,,MONITOR_ROUTINE,P0,PREVENTIVE,Normal y sin cambio superior a la tolerancia de medición.,False,False,180
2024-05-19,49494.2,EH4-01,Tijeras y spindle (suspensión delantera),INSP-03,SD-04,"Metal base de spindle, lado izquierdo",0.0,35,50,Normal,0.0,0.0,35.0,50.0,100.0,100.0,0.0,0.0,STABLE_WITHIN_TOLERANCE,,,,,,,0,False,,0.0,0.0,False,0,31.0,540.5999999999985,,,,MONITOR_ROUTINE,P0,PREVENTIVE,Normal y sin cambio superior a la tolerancia de medición.,False,False,181
2024-06-25,50076.5,EH4-01,Tijeras y spindle (suspensión delantera),INSP-02,SD-01,"Metal base de tijeras, lado derecho",150.0,140,200,Alerta,0.75,1.0714285714285714,-10.0,50.0,-7.142857142857142,25.0,10.0,0.0,STABLE_WITHIN_TOLERANCE,,,,,,,0,False,,17.173278378842436,0.0,False,0,37.0,582.3000000000029,,,,PLAN_REPAIR,P2,CORRECTIVE_PLANNED,L = 150 mm supera Caution = 140 mm. Reparación programable.,False,False,190
2024-06-25,50076.5,EH4-01,Tijeras y spindle (suspensión delantera),INSP-02,SD-02,"Metal base de tijeras, lado izquierdo",70.0,140,200,Normal,0.35,0.5,70.0,130.0,50.0,65.0,10.0,0.0,STABLE_WITHIN_TOLERANCE,,,,,,,0,False,,17.173278378842436,0.0,False,0,37.0,582.3000000000029,,,,MONITOR_ROUTINE,P0,PREVENTIVE,Normal y sin cambio superior a la tolerancia de medición.,False,False,191
2024-06-25,50076.5,EH4-01,Tijeras y spindle (suspensión delantera),INSP-02,SD-03,"Metal base de spindle, lado derecho",15.0,35,50,Normal,0.3,0.42857142857142855,20.0,35.0,57.14285714285714,70.0,0.0,0.0,STABLE_WITHIN_TOLERANCE,,,,,,,0,False,,0.0,0.0,False,0,37.0,582.3000000000029,,,,MONITOR_ROUTINE,P0,PREVENTIVE,Normal y sin cambio superior a la tolerancia de medición.,False,False,192
2024-06-25,50076.5,EH4-01,Tijeras y spindle (suspensión delantera),INSP-02,SD-04,"Metal base de spindle, lado izquierdo",0.0,35,50,Normal,0.0,0.0,35.0,50.0,100.0,100.0,0.0,0.0,STABLE_WITHIN_TOLERANCE,,,,,,,0,False,,0.0,0.0,False,0,37.0,582.3000000000029,,,,MONITOR_ROUTINE,P0,PREVENTIVE,Normal y sin cambio superior a la tolerancia de medición.,False,False,193
2024-08-01,50686.6,EH4-01,Tijeras y spindle (suspensión delantera),INSP-01,SD-01,"Metal base de tijeras, lado derecho",180.0,140,200,Alerta,0.9,1.2857142857142858,-40.0,20.0,-28.57142857142857,10.0,30.0,30.0,SIGNIFICANT_GROWTH,,,,,,,0,False,,49.17226684150151,49.17226684150151,False,0,37.0,610.0999999999985,,,,PRIORITIZE_REPAIR,P3,CORRECTIVE_PRIORITY,L = 180 mm supera Caution = 140 mm y creció 30 mm desde la inspección anterior. Priorizar reparación.,False,False,202
2024-08-01,50686.6,EH4-01,Tijeras y spindle (suspensión delantera),INSP-01,SD-02,"Metal base de tijeras, lado izquierdo",80.0,140,200,Normal,0.4,0.5714285714285714,60.0,120.0,42.857142857142854,60.0,10.0,0.0,STABLE_WITHIN_TOLERANCE,,,,,,,0,False,,16.39075561383384,0.0,False,0,37.0,610.0999999999985,,,,MONITOR_ROUTINE,P0,PREVENTIVE,Normal y sin cambio superior a la tolerancia de medición.,False,False,203
2024-08-01,50686.6,EH4-01,Tijeras y spindle (suspensión delantera),INSP-01,SD-03,"Metal base de spindle, lado derecho",20.0,35,50,Normal,0.4,0.5714285714285714,15.0,30.0,42.857142857142854,60.0,5.0,0.0,STABLE_WITHIN_TOLERANCE,,,,,,,0,False,,8.19537780691692,0.0,False,0,37.0,610.0999999999985,,,,MONITOR_ROUTINE,P0,PREVENTIVE,Normal y sin cambio superior a la tolerancia de medición.,False,False,204
2024-08-01,50686.6,EH4-01,Tijeras y spindle (suspensión delantera),INSP-01,SD-04,"Metal base de spindle, lado izquierdo",0.0,35,50,Normal,0.0,0.0,35.0,50.0,100.0,100.0,0.0,0.0,STABLE_WITHIN_TOLERANCE,,,,,,,0,False,,0.0,0.0,False,0,37.0,610.0999999999985,,,,MONITOR_ROUTINE,P0,PREVENTIVE,Normal y sin cambio superior a la tolerancia de medición.,False,False,205
2024-09-07,51310.7,EH4-01,Tijeras y spindle (suspensión delantera),INSP-03,SD-01,"Metal base de tijeras, lado derecho",180.0,140,200,Alerta,0.9,1.2857142857142858,-40.0,20.0,-28.57142857142857,10.0,0.0,0.0,STABLE_WITHIN_TOLERANCE,,,,,,,0,False,,0.0,0.0,False,0,37.0,624.0999999999985,,,,PLAN_REPAIR,P2,CORRECTIVE_PLANNED,L = 180 mm supera Caution = 140 mm. Reparación programable.,False,False,214
2024-09-07,51310.7,EH4-01,Tijeras y spindle (suspensión delantera),INSP-03,SD-02,"Metal base de tijeras, lado izquierdo",80.0,140,200,Normal,0.4,0.5714285714285714,60.0,120.0,42.857142857142854,60.0,0.0,0.0,STABLE_WITHIN_TOLERANCE,,,,,,,0,False,,0.0,0.0,False,0,37.0,624.0999999999985,,,,MONITOR_ROUTINE,P0,PREVENTIVE,Normal y sin cambio superior a la tolerancia de medición.,False,False,215
2024-09-07,51310.7,EH4-01,Tijeras y spindle (suspensión delantera),INSP-03,SD-03,"Metal base de spindle, lado derecho",20.0,35,50,Normal,0.4,0.5714285714285714,15.0,30.0,42.857142857142854,60.0,0.0,0.0,STABLE_WITHIN_TOLERANCE,,,,,,,0,False,,0.0,0.0,False,0,37.0,624.0999999999985,,,,MONITOR_ROUTINE,P0,PREVENTIVE,Normal y sin cambio superior a la tolerancia de medición.,False,False,216
2024-09-07,51310.7,EH4-01,Tijeras y spindle (suspensión delantera),INSP-03,SD-04,"Metal base de spindle, lado izquierdo",0.0,35,50,Normal,0.0,0.0,35.0,50.0,100.0,100.0,0.0,0.0,STABLE_WITHIN_TOLERANCE,,,,,,,0,False,,0.0,0.0,False,0,37.0,624.0999999999985,,,,MONITOR_ROUTINE,P0,PREVENTIVE,Normal y sin cambio superior a la tolerancia de medición.,False,False,217
2024-10-10,51906.1,EH4-01,Tijeras y spindle (suspensión delantera),INSP-01,SD-01,"Metal base de tijeras, lado derecho",200.0,140,200,Crítico,1.0,1.4285714285714286,-60.0,0.0,-42.857142857142854,0.0,20.0,20.0,SIGNIFICANT_GROWTH,,,,,,,0,False,,33.590863285186344,33.590863285186344,False,0,33.0,595.4000000000015,,,,REPAIR_BEFORE_OPERATION,P4,CORRECTIVE_IMMEDIATE,L = 200 mm alcanza Danger = 200 mm. Reparar antes de continuar operando.,False,False,226
2024-10-10,51906.1,EH4-01,Tijeras y spindle (suspensión delantera),INSP-01,SD-02,"Metal base de tijeras, lado izquierdo",80.0,140,200,Normal,0.4,0.5714285714285714,60.0,120.0,42.857142857142854,60.0,0.0,0.0,STABLE_WITHIN_TOLERANCE,,,,,,,0,False,,0.0,0.0,False,0,33.0,595.4000000000015,,,,MONITOR_ROUTINE,P0,PREVENTIVE,Normal y sin cambio superior a la tolerancia de medición.,False,False,227
2024-10-10,51906.1,EH4-01,Tijeras y spindle (suspensión delantera),INSP-01,SD-03,"Metal base de spindle, lado derecho",25.0,35,50,Normal,0.5,0.7142857142857143,10.0,25.0,28.57142857142857,50.0,5.0,0.0,STABLE_WITHIN_TOLERANCE,,,,,,,0,False,,8.397715821296586,0.0,False,0,33.0,595.4000000000015,,,,MONITOR_ROUTINE,P0,PREVENTIVE,Normal y sin cambio superior a la tolerancia de medición.,False,False,228
2024-10-10,51906.1,EH4-01,Tijeras y spindle (suspensión delantera),INSP-01,SD-04,"Metal base de spindle, lado izquierdo",0.0,35,50,Normal,0.0,0.0,35.0,50.0,100.0,100.0,0.0,0.0,STABLE_WITHIN_TOLERANCE,,,,,,,0,False,,0.0,0.0,False,0,33.0,595.4000000000015,,,,MONITOR_ROUTINE,P0,PREVENTIVE,Normal y sin cambio superior a la tolerancia de medición.,False,False,229
2024-11-15,52549.2,EH4-01,Tijeras y spindle (suspensión delantera),INSP-03,SD-01,"Metal base de tijeras, lado derecho",200.0,140,200,Crítico,1.0,1.4285714285714286,-60.0,0.0,-42.857142857142854,0.0,0.0,0.0,STABLE_WITHIN_TOLERANCE,,,,,,,0,False,,0.0,0.0,False,0,36.0,643.0999999999985,,,,REPAIR_BEFORE_OPERATION,P4,CORRECTIVE_IMMEDIATE,L = 200 mm alcanza Danger = 200 mm. Reparar antes de continuar operando.,False,False,238
2024-11-15,52549.2,EH4-01,Tijeras y spindle (suspensión delantera),INSP-03,SD-02,"Metal base de tijeras, lado izquierdo",90.0,140,200,Normal,0.45,0.6428571428571429,50.0,110.0,35.714285714285715,55.00000000000001,10.0,0.0,STABLE_WITHIN_TOLERANCE,,,,,,,0,False,,15.54968123153479,0.0,False,0,36.0,643.0999999999985,,,,MONITOR_ROUTINE,P0,PREVENTIVE,Normal y sin cambio superior a la tolerancia de medición.,False,False,239
2024-11-15,52549.2,EH4-01,Tijeras y spindle (suspensión delantera),INSP-03,SD-03,"Metal base de spindle, lado derecho",25.0,35,50,Normal,0.5,0.7142857142857143,10.0,25.0,28.57142857142857,50.0,0.0,0.0,STABLE_WITHIN_TOLERANCE,,,,,,,0,False,,0.0,0.0,False,0,36.0,643.0999999999985,,,,MONITOR_ROUTINE,P0,PREVENTIVE,Normal y sin cambio superior a la tolerancia de medición.,False,False,240
2024-11-15,52549.2,EH4-01,Tijeras y spindle (suspensión delantera),INSP-03,SD-04,"Metal base de spindle, lado izquierdo",0.0,35,50,Normal,0.0,0.0,35.0,50.0,100.0,100.0,0.0,0.0,STABLE_WITHIN_TOLERANCE,,,,,,,0,False,,0.0,0.0,False,0,36.0,643.0999999999985,,,,MONITOR_ROUTINE,P0,PREVENTIVE,Normal y sin cambio superior a la tolerancia de medición.,False,False,241
2025-01-07,53029.1,EH4-01,Tijeras y spindle (suspensión delantera),INSP-03,SD-01,"Metal base de tijeras, lado derecho",0.0,140,200,Normal,0.0,0.0,140.0,200.0,100.0,100.0,-200.0,-200.0,MAINTENANCE_RESET,,,,,,,0,False,,,,True,1,53.0,479.9000000000015,0.0,0.0,1.0,POST_REPAIR_VERIFICATION,P1,INSPECTION,Primera inspección posterior a reparación documentada.,True,False,250
2025-01-07,53029.1,EH4-01,Tijeras y spindle (suspensión delantera),INSP-03,SD-02,"Metal base de tijeras, lado izquierdo",0.0,140,200,Normal,0.0,0.0,140.0,200.0,100.0,100.0,-90.0,-90.0,MAINTENANCE_RESET,,,,,,,0,False,,,,True,1,53.0,479.9000000000015,0.0,0.0,1.0,POST_REPAIR_VERIFICATION,P1,INSPECTION,Primera inspección posterior a reparación documentada.,True,False,251
2025-01-07,53029.1,EH4-01,Tijeras y spindle (suspensión delantera),INSP-03,SD-03,"Metal base de spindle, lado derecho",0.0,35,50,Normal,0.0,0.0,35.0,50.0,100.0,100.0,-25.0,-25.0,MAINTENANCE_RESET,,,,,,,0,False,,,,True,1,53.0,479.9000000000015,0.0,0.0,1.0,POST_REPAIR_VERIFICATION,P1,INSPECTION,Primera inspección posterior a reparación documentada.,True,False,252
2025-01-07,53029.1,EH4-01,Tijeras y spindle (suspensión delantera),INSP-03,SD-04,"Metal base de spindle, lado izquierdo",0.0,35,50,Normal,0.0,0.0,35.0,50.0,100.0,100.0,0.0,0.0,MAINTENANCE_RESET,,,,,,,0,False,,,,True,1,53.0,479.9000000000015,0.0,0.0,1.0,POST_REPAIR_VERIFICATION,P1,INSPECTION,Primera inspección posterior a reparación documentada.,True,False,253
2025-02-06,53486.7,EH4-01,Tijeras y spindle (suspensión delantera),INSP-02,SD-01,"Metal base de tijeras, lado derecho",0.0,140,200,Normal,0.0,0.0,140.0,200.0,100.0,100.0,0.0,0.0,STABLE_WITHIN_TOLERANCE,,,,,,,0,False,,0.0,0.0,False,1,30.0,457.59999999999854,30.0,457.59999999999854,2.0,MONITOR_ROUTINE,P0,PREVENTIVE,Normal y sin cambio superior a la tolerancia de medición.,False,False,262
2025-02-06,53486.7,EH4-01,Tijeras y spindle (suspensión delantera),INSP-02,SD-02,"Metal base de tijeras, lado izquierdo",0.0,140,200,Normal,0.0,0.0,140.0,200.0,100.0,100.0,0.0,0.0,STABLE_WITHIN_TOLERANCE,,,,,,,0,False,,0.0,0.0,False,1,30.0,457.59999999999854,30.0,457.59999999999854,2.0,MONITOR_ROUTINE,P0,PREVENTIVE,Normal y sin cambio superior a la tolerancia de medición.,False,False,263
2025-02-06,53486.7,EH4-01,Tijeras y spindle (suspensión delantera),INSP-02,SD-03,"Metal base de spindle, lado derecho",0.0,35,50,Normal,0.0,0.0,35.0,50.0,100.0,100.0,0.0,0.0,STABLE_WITHIN_TOLERANCE,,,,,,,0,False,,0.0,0.0,False,1,30.0,457.59999999999854,30.0,457.59999999999854,2.0,MONITOR_ROUTINE,P0,PREVENTIVE,Normal y sin cambio superior a la tolerancia de medición.,False,False,264
2025-02-06,53486.7,EH4-01,Tijeras y spindle (suspensión delantera),INSP-02,SD-04,"Metal base de spindle, lado izquierdo",0.0,35,50,Normal,0.0,0.0,35.0,50.0,100.0,100.0,0.0,0.0,STABLE_WITHIN_TOLERANCE,,,,,,,0,False,,0.0,0.0,False,1,30.0,457.59999999999854,30.0,457.59999999999854,2.0,MONITOR_ROUTINE,P0,PREVENTIVE,Normal y sin cambio superior a la tolerancia de medición.,False,False,265
2025-03-12,54039.0,EH4-01,Tijeras y spindle (suspensión delantera),INSP-01,SD-01,"Metal base de tijeras, lado derecho",0.0,140,200,Normal,0.0,0.0,140.0,200.0,100.0,100.0,0.0,0.0,STABLE_WITHIN_TOLERANCE,,,,,,,0,False,,0.0,0.0,False,1,34.0,552.3000000000029,64.0,1009.9000000000015,3.0,MONITOR_ROUTINE,P0,PREVENTIVE,Normal y sin cambio superior a la tolerancia de medición.,False,False,274
2025-03-12,54039.0,EH4-01,Tijeras y spindle (suspensión delantera),INSP-01,SD-02,"Metal base de tijeras, lado izquierdo",0.0,140,200,Normal,0.0,0.0,140.0,200.0,100.0,100.0,0.0,0.0,STABLE_WITHIN_TOLERANCE,,,,,,,0,False,,0.0,0.0,False,1,34.0,552.3000000000029,64.0,1009.9000000000015,3.0,MONITOR_ROUTINE,P0,PREVENTIVE,Normal y sin cambio superior a la tolerancia de medición.,False,False,275
2025-03-12,54039.0,EH4-01,Tijeras y spindle (suspensión delantera),INSP-01,SD-03,"Metal base de spindle, lado derecho",0.0,35,50,Normal,0.0,0.0,35.0,50.0,100.0,100.0,0.0,0.0,STABLE_WITHIN_TOLERANCE,,,,,,,0,False,,0.0,0.0,False,1,34.0,552.3000000000029,64.0,1009.9000000000015,3.0,MONITOR_ROUTINE,P0,PREVENTIVE,Normal y sin cambio superior a la tolerancia de medición.,False,False,276
2025-03-12,54039.0,EH4-01,Tijeras y spindle (suspensión delantera),INSP-01,SD-04,"Metal base de spindle, lado izquierdo",0.0,35,50,Normal,0.0,0.0,35.0,50.0,100.0,100.0,0.0,0.0,STABLE_WITHIN_TOLERANCE,,,,,,,0,False,,0.0,0.0,False,1,34.0,552.3000000000029,64.0,1009.9000000000015,3.0,MONITOR_ROUTINE,P0,PREVENTIVE,Normal y sin cambio superior a la tolerancia de medición.,False,False,277
2025-04-12,54509.7,EH4-01,Tijeras y spindle (suspensión delantera),INSP-01,SD-01,"Metal base de tijeras, lado derecho",0.0,140,200,Normal,0.0,0.0,140.0,200.0,100.0,100.0,0.0,0.0,STABLE_WITHIN_TOLERANCE,,,,,,,0,False,,0.0,0.0,False,1,31.0,470.6999999999971,95.0,1480.5999999999985,4.0,MONITOR_ROUTINE,P0,PREVENTIVE,Normal y sin cambio superior a la tolerancia de medición.,False,False,286
2025-04-12,54509.7,EH4-01,Tijeras y spindle (suspensión delantera),INSP-01,SD-02,"Metal base de tijeras, lado izquierdo",0.0,140,200,Normal,0.0,0.0,140.0,200.0,100.0,100.0,0.0,0.0,STABLE_WITHIN_TOLERANCE,,,,,,,0,False,,0.0,0.0,False,1,31.0,470.6999999999971,95.0,1480.5999999999985,4.0,MONITOR_ROUTINE,P0,PREVENTIVE,Normal y sin cambio superior a la tolerancia de medición.,False,False,287
2025-04-12,54509.7,EH4-01,Tijeras y spindle (suspensión delantera),INSP-01,SD-03,"Metal base de spindle, lado derecho",0.0,35,50,Normal,0.0,0.0,35.0,50.0,100.0,100.0,0.0,0.0,STABLE_WITHIN_TOLERANCE,,,,,,,0,False,,0.0,0.0,False,1,31.0,470.6999999999971,95.0,1480.5999999999985,4.0,MONITOR_ROUTINE,P0,PREVENTIVE,Normal y sin cambio superior a la tolerancia de medición.,False,False,288
2025-04-12,54509.7,EH4-01,Tijeras y spindle (suspensión delantera),INSP-01,SD-04,"Metal base de spindle, lado izquierdo",0.0,35,50,Normal,0.0,0.0,35.0,50.0,100.0,100.0,0.0,0.0,STABLE_WITHIN_TOLERANCE,,,,,,,0,False,,0.0,0.0,False,1,31.0,470.6999999999971,95.0,1480.5999999999985,4.0,MONITOR_ROUTINE,P0,PREVENTIVE,Normal y sin cambio superior a la tolerancia de medición.,False,False,289
2025-05-14,55030.7,EH4-01,Tijeras y spindle (suspensión delantera),INSP-02,SD-01,"Metal base de tijeras, lado derecho",0.0,140,200,Normal,0.0,0.0,140.0,200.0,100.0,100.0,0.0,0.0,STABLE_WITHIN_TOLERANCE,,,,,,,0,False,,0.0,0.0,False,1,32.0,521.0,127.0,2001.5999999999985,5.0,MONITOR_ROUTINE,P0,PREVENTIVE,Normal y sin cambio superior a la tolerancia de medición.,False,False,298
2025-05-14,55030.7,EH4-01,Tijeras y spindle (suspensión delantera),INSP-02,SD-02,"Metal base de tijeras, lado izquierdo",0.0,140,200,Normal,0.0,0.0,140.0,200.0,100.0,100.0,0.0,0.0,STABLE_WITHIN_TOLERANCE,,,,,,,0,False,,0.0,0.0,False,1,32.0,521.0,127.0,2001.5999999999985,5.0,MONITOR_ROUTINE,P0,PREVENTIVE,Normal y sin cambio superior a la tolerancia de medición.,False,False,299
2025-05-14,55030.7,EH4-01,Tijeras y spindle (suspensión delantera),INSP-02,SD-03,"Metal base de spindle, lado derecho",0.0,35,50,Normal,0.0,0.0,35.0,50.0,100.0,100.0,0.0,0.0,STABLE_WITHIN_TOLERANCE,,,,,,,0,False,,0.0,0.0,False,1,32.0,521.0,127.0,2001.5999999999985,5.0,MONITOR_ROUTINE,P0,PREVENTIVE,Normal y sin cambio superior a la tolerancia de medición.,False,False,300
2025-05-14,55030.7,EH4-01,Tijeras y spindle (suspensión delantera),INSP-02,SD-04,"Metal base de spindle, lado izquierdo",0.0,35,50,Normal,0.0,0.0,35.0,50.0,100.0,100.0,0.0,0.0,STABLE_WITHIN_TOLERANCE,,,,,,,0,False,,0.0,0.0,False,1,32.0,521.0,127.0,2001.5999999999985,5.0,MONITOR_ROUTINE,P0,PREVENTIVE,Normal y sin cambio superior a la tolerancia de medición.,False,False,301
