severity,fecha,codigo,campo,valor_observado,valor_anterior,explicacion,posible_causa,accion_sugerida,fila_excel,change_class
INFO,2023-06-09,SD-03,L actual (mm),,,Medición vacía preservada como N/I; no equivale a 0 mm.,Punto no inspeccionado o medición no disponible,Confirmar motivo de ausencia,60.0,
INFO,2023-08-23,SD-02,L actual (mm),,,Medición vacía preservada como N/I; no equivale a 0 mm.,Punto no inspeccionado o medición no disponible,Confirmar motivo de ausencia,83.0,
INFO,2024-01-09,SD-04,L actual (mm),,,Medición vacía preservada como N/I; no equivale a 0 mm.,Punto no inspeccionado o medición no disponible,Confirmar motivo de ausencia,133.0,
MAINTENANCE_EVENT,2025-01-07,SD-01,Comentario,Equipo sale de reparación general de chasis,,Comentario documental que indica intervención/reparación general de chasis.,Reparación general documentada,Confirmar alcance y puntos intervenidos; segmentar serie,250.0,
MAINTENANCE_EVENT,2025-01-07,SD-02,Comentario,Equipo sale de reparación general de chasis,,Comentario documental que indica intervención/reparación general de chasis.,Reparación general documentada,Confirmar alcance y puntos intervenidos; segmentar serie,251.0,
MAINTENANCE_EVENT,2025-01-07,SD-03,Comentario,Equipo sale de reparación general de chasis,,Comentario documental que indica intervención/reparación general de chasis.,Reparación general documentada,Confirmar alcance y puntos intervenidos; segmentar serie,252.0,
MAINTENANCE_EVENT,2025-01-07,SD-04,Comentario,Equipo sale de reparación general de chasis,,Comentario documental que indica intervención/reparación general de chasis.,Reparación general documentada,Confirmar alcance y puntos intervenidos; segmentar serie,253.0,
WARNING,2023-01-16,SD-01,Imagen,EH4_SD_tijeras_spindle.png,,El metadato referencia una imagen que no está disponible junto al Excel; no hay imagen incrustada para verificar.,Paquete de evidencias incompleto o ruta externa no incluida,Solicitar la imagen original y verificar correspondencia con el punto,10.0,
WARNING,2025-01-07,,delta_dias,53.0,,"Intervalo fuera de cercas IQR 1.5; es atípico estadístico, no prueba de error.",Cadencia irregular o registro omitido,Revisar calendario de inspecciones,,
INFO,2024-05-19,SD-01,L actual (mm),140.0,150.0,El descenso RAW de -10 mm queda dentro de ±10 mm y se reclasifica como estable operacional.,Variación dentro de tolerancia operacional adoptada,Conservar RAW; usar delta efectivo cero para análisis de cambio,178.0,STABLE_WITHIN_TOLERANCE
