fecha,codigo,desde_fecha,delta_L_raw,delta_L_effective,change_class,delta_horas,maintenance_boundary,fila_excel_desde,fila_excel_hasta,raw_growth_rate_mm_1000h,effective_growth_rate_mm_1000h,v_mm_por_1000h,intervalo_valido,rate_exclusion_reason
2023-01-16,SD-01,,,,N_I,,False,,10,,,,False,NULL
2023-02-18,SD-01,2023-01-16,0.0,0.0,STABLE_WITHIN_TOLERANCE,531.6999999999971,False,10.0,22,0.0,0.0,0.0,True,
2023-03-31,SD-01,2023-02-18,0.0,0.0,STABLE_WITHIN_TOLERANCE,721.7000000000044,False,22.0,34,0.0,0.0,0.0,True,
2023-05-09,SD-01,2023-03-31,30.0,30.0,SIGNIFICANT_GROWTH,649.9000000000015,False,34.0,46,46.16094783812884,46.16094783812884,46.16094783812884,True,
2023-06-09,SD-01,2023-05-09,10.0,0.0,STABLE_WITHIN_TOLERANCE,487.5,False,46.0,58,20.512820512820515,0.0,20.512820512820515,True,
2023-07-17,SD-01,2023-06-09,20.0,20.0,SIGNIFICANT_GROWTH,653.3999999999942,False,58.0,70,30.609121518212703,30.609121518212703,30.609121518212703,True,
2023-08-23,SD-01,2023-07-17,0.0,0.0,STABLE_WITHIN_TOLERANCE,659.8000000000029,False,70.0,82,0.0,0.0,0.0,True,
2023-09-22,SD-01,2023-08-23,10.0,0.0,STABLE_WITHIN_TOLERANCE,496.5,False,82.0,94,20.14098690835851,0.0,20.14098690835851,True,
2023-10-30,SD-01,2023-09-22,10.0,0.0,STABLE_WITHIN_TOLERANCE,655.3000000000029,False,94.0,106,15.26018617427126,0.0,15.26018617427126,True,
2023-12-01,SD-01,2023-10-30,10.0,0.0,STABLE_WITHIN_TOLERANCE,554.7999999999956,False,106.0,118,18.02451333814001,0.0,18.02451333814001,True,
2024-01-09,SD-01,2023-12-01,20.0,20.0,SIGNIFICANT_GROWTH,661.5,False,118.0,130,30.234315948601665,30.234315948601665,30.234315948601665,True,
2024-02-11,SD-01,2024-01-09,10.0,0.0,STABLE_WITHIN_TOLERANCE,562.2000000000044,False,130.0,142,17.78726431874764,0.0,17.78726431874764,True,
2024-03-13,SD-01,2024-02-11,10.0,0.0,STABLE_WITHIN_TOLERANCE,512.5999999999985,False,142.0,154,19.50838860710111,0.0,19.50838860710111,True,
2024-04-18,SD-01,2024-03-13,20.0,20.0,SIGNIFICANT_GROWTH,570.6999999999971,False,154.0,166,35.04468196951131,35.04468196951131,35.04468196951131,True,
2024-05-19,SD-01,2024-04-18,-10.0,0.0,STABLE_WITHIN_TOLERANCE,540.5999999999985,False,166.0,178,-18.497965223825428,0.0,-18.497965223825428,True,
2024-06-25,SD-01,2024-05-19,10.0,0.0,STABLE_WITHIN_TOLERANCE,582.3000000000029,False,178.0,190,17.173278378842436,0.0,17.173278378842436,True,
2024-08-01,SD-01,2024-06-25,30.0,30.0,SIGNIFICANT_GROWTH,610.0999999999985,False,190.0,202,49.17226684150151,49.17226684150151,49.17226684150151,True,
2024-09-07,SD-01,2024-08-01,0.0,0.0,STABLE_WITHIN_TOLERANCE,624.0999999999985,False,202.0,214,0.0,0.0,0.0,True,
2024-10-10,SD-01,2024-09-07,20.0,20.0,SIGNIFICANT_GROWTH,595.4000000000015,False,214.0,226,33.590863285186344,33.590863285186344,33.590863285186344,True,
2024-11-15,SD-01,2024-10-10,0.0,0.0,STABLE_WITHIN_TOLERANCE,643.0999999999985,False,226.0,238,0.0,0.0,0.0,True,
2025-01-07,SD-01,2024-11-15,-200.0,-200.0,MAINTENANCE_RESET,479.90000000000146,True,238.0,250,,,,False,MAINTENANCE_RESET
2025-02-06,SD-01,2025-01-07,0.0,0.0,STABLE_WITHIN_TOLERANCE,457.59999999999854,False,250.0,262,0.0,0.0,0.0,True,
2025-03-12,SD-01,2025-02-06,0.0,0.0,STABLE_WITHIN_TOLERANCE,552.3000000000029,False,262.0,274,0.0,0.0,0.0,True,
2025-04-12,SD-01,2025-03-12,0.0,0.0,STABLE_WITHIN_TOLERANCE,470.6999999999971,False,274.0,286,0.0,0.0,0.0,True,
2025-05-14,SD-01,2025-04-12,0.0,0.0,STABLE_WITHIN_TOLERANCE,521.0,False,286.0,298,0.0,0.0,0.0,True,
2023-01-16,SD-02,,,,N_I,,False,,11,,,,False,NULL
2023-02-18,SD-02,2023-01-16,0.0,0.0,STABLE_WITHIN_TOLERANCE,531.6999999999971,False,11.0,23,0.0,0.0,0.0,True,
2023-03-31,SD-02,2023-02-18,0.0,0.0,STABLE_WITHIN_TOLERANCE,721.7000000000044,False,23.0,35,0.0,0.0,0.0,True,
2023-05-09,SD-02,2023-03-31,0.0,0.0,STABLE_WITHIN_TOLERANCE,649.9000000000015,False,35.0,47,0.0,0.0,0.0,True,
2023-06-09,SD-02,2023-05-09,0.0,0.0,STABLE_WITHIN_TOLERANCE,487.5,False,47.0,59,0.0,0.0,0.0,True,
2023-07-17,SD-02,2023-06-09,0.0,0.0,STABLE_WITHIN_TOLERANCE,653.3999999999942,False,59.0,71,0.0,0.0,0.0,True,
2023-08-23,SD-02,2023-07-17,,,N_I,659.8000000000029,False,71.0,83,,,,False,NULL
2023-09-22,SD-02,2023-08-23,,,N_I,496.5,False,83.0,95,,,,False,NULL
2023-10-30,SD-02,2023-09-22,30.0,30.0,SIGNIFICANT_GROWTH,655.3000000000029,False,95.0,107,45.78055852281378,45.78055852281378,45.78055852281378,True,
2023-12-01,SD-02,2023-10-30,0.0,0.0,STABLE_WITHIN_TOLERANCE,554.7999999999956,False,107.0,119,0.0,0.0,0.0,True,
2024-01-09,SD-02,2023-12-01,10.0,0.0,STABLE_WITHIN_TOLERANCE,661.5,False,119.0,131,15.117157974300833,0.0,15.117157974300833,True,
2024-02-11,SD-02,2024-01-09,0.0,0.0,STABLE_WITHIN_TOLERANCE,562.2000000000044,False,131.0,143,0.0,0.0,0.0,True,
2024-03-13,SD-02,2024-02-11,10.0,0.0,STABLE_WITHIN_TOLERANCE,512.5999999999985,False,143.0,155,19.50838860710111,0.0,19.50838860710111,True,
2024-04-18,SD-02,2024-03-13,0.0,0.0,STABLE_WITHIN_TOLERANCE,570.6999999999971,False,155.0,167,0.0,0.0,0.0,True,
2024-05-19,SD-02,2024-04-18,10.0,0.0,STABLE_WITHIN_TOLERANCE,540.5999999999985,False,167.0,179,18.497965223825428,0.0,18.497965223825428,True,
2024-06-25,SD-02,2024-05-19,10.0,0.0,STABLE_WITHIN_TOLERANCE,582.3000000000029,False,179.0,191,17.173278378842436,0.0,17.173278378842436,True,
2024-08-01,SD-02,2024-06-25,10.0,0.0,STABLE_WITHIN_TOLERANCE,610.0999999999985,False,191.0,203,16.39075561383384,0.0,16.39075561383384,True,
2024-09-07,SD-02,2024-08-01,0.0,0.0,STABLE_WITHIN_TOLERANCE,624.0999999999985,False,203.0,215,0.0,0.0,0.0,True,
2024-10-10,SD-02,2024-09-07,0.0,0.0,STABLE_WITHIN_TOLERANCE,595.4000000000015,False,215.0,227,0.0,0.0,0.0,True,
2024-11-15,SD-02,2024-10-10,10.0,0.0,STABLE_WITHIN_TOLERANCE,643.0999999999985,False,227.0,239,15.54968123153479,0.0,15.54968123153479,True,
2025-01-07,SD-02,2024-11-15,-90.0,-90.0,MAINTENANCE_RESET,479.90000000000146,True,239.0,251,,,,False,MAINTENANCE_RESET
2025-02-06,SD-02,2025-01-07,0.0,0.0,STABLE_WITHIN_TOLERANCE,457.59999999999854,False,251.0,263,0.0,0.0,0.0,True,
2025-03-12,SD-02,2025-02-06,0.0,0.0,STABLE_WITHIN_TOLERANCE,552.3000000000029,False,263.0,275,0.0,0.0,0.0,True,
2025-04-12,SD-02,2025-03-12,0.0,0.0,STABLE_WITHIN_TOLERANCE,470.6999999999971,False,275.0,287,0.0,0.0,0.0,True,
2025-05-14,SD-02,2025-04-12,0.0,0.0,STABLE_WITHIN_TOLERANCE,521.0,False,287.0,299,0.0,0.0,0.0,True,
2023-01-16,SD-03,,,,N_I,,False,,12,,,,False,NULL
2023-02-18,SD-03,2023-01-16,0.0,0.0,STABLE_WITHIN_TOLERANCE,531.6999999999971,False,12.0,24,0.0,0.0,0.0,True,
2023-03-31,SD-03,2023-02-18,0.0,0.0,STABLE_WITHIN_TOLERANCE,721.7000000000044,False,24.0,36,0.0,0.0,0.0,True,
2023-05-09,SD-03,2023-03-31,0.0,0.0,STABLE_WITHIN_TOLERANCE,649.9000000000015,False,36.0,48,0.0,0.0,0.0,True,
2023-06-09,SD-03,2023-05-09,,,N_I,487.5,False,48.0,60,,,,False,NULL
2023-07-17,SD-03,2023-06-09,,,N_I,653.3999999999942,False,60.0,72,,,,False,NULL
2023-08-23,SD-03,2023-07-17,0.0,0.0,STABLE_WITHIN_TOLERANCE,659.8000000000029,False,72.0,84,0.0,0.0,0.0,True,
2023-09-22,SD-03,2023-08-23,0.0,0.0,STABLE_WITHIN_TOLERANCE,496.5,False,84.0,96,0.0,0.0,0.0,True,
2023-10-30,SD-03,2023-09-22,0.0,0.0,STABLE_WITHIN_TOLERANCE,655.3000000000029,False,96.0,108,0.0,0.0,0.0,True,
2023-12-01,SD-03,2023-10-30,0.0,0.0,STABLE_WITHIN_TOLERANCE,554.7999999999956,False,108.0,120,0.0,0.0,0.0,True,
2024-01-09,SD-03,2023-12-01,0.0,0.0,STABLE_WITHIN_TOLERANCE,661.5,False,120.0,132,0.0,0.0,0.0,True,
2024-02-11,SD-03,2024-01-09,0.0,0.0,STABLE_WITHIN_TOLERANCE,562.2000000000044,False,132.0,144,0.0,0.0,0.0,True,
2024-03-13,SD-03,2024-02-11,0.0,0.0,STABLE_WITHIN_TOLERANCE,512.5999999999985,False,144.0,156,0.0,0.0,0.0,True,
2024-04-18,SD-03,2024-03-13,10.0,0.0,STABLE_WITHIN_TOLERANCE,570.6999999999971,False,156.0,168,17.522340984755655,0.0,17.522340984755655,True,
2024-05-19,SD-03,2024-04-18,5.0,0.0,STABLE_WITHIN_TOLERANCE,540.5999999999985,False,168.0,180,9.248982611912714,0.0,9.248982611912714,True,
2024-06-25,SD-03,2024-05-19,0.0,0.0,STABLE_WITHIN_TOLERANCE,582.3000000000029,False,180.0,192,0.0,0.0,0.0,True,
2024-08-01,SD-03,2024-06-25,5.0,0.0,STABLE_WITHIN_TOLERANCE,610.0999999999985,False,192.0,204,8.19537780691692,0.0,8.19537780691692,True,
2024-09-07,SD-03,2024-08-01,0.0,0.0,STABLE_WITHIN_TOLERANCE,624.0999999999985,False,204.0,216,0.0,0.0,0.0,True,
2024-10-10,SD-03,2024-09-07,5.0,0.0,STABLE_WITHIN_TOLERANCE,595.4000000000015,False,216.0,228,8.397715821296586,0.0,8.397715821296586,True,
2024-11-15,SD-03,2024-10-10,0.0,0.0,STABLE_WITHIN_TOLERANCE,643.0999999999985,False,228.0,240,0.0,0.0,0.0,True,
2025-01-07,SD-03,2024-11-15,-25.0,-25.0,MAINTENANCE_RESET,479.90000000000146,True,240.0,252,,,,False,MAINTENANCE_RESET
2025-02-06,SD-03,2025-01-07,0.0,0.0,STABLE_WITHIN_TOLERANCE,457.59999999999854,False,252.0,264,0.0,0.0,0.0,True,
2025-03-12,SD-03,2025-02-06,0.0,0.0,STABLE_WITHIN_TOLERANCE,552.3000000000029,False,264.0,276,0.0,0.0,0.0,True,
2025-04-12,SD-03,2025-03-12,0.0,0.0,STABLE_WITHIN_TOLERANCE,470.6999999999971,False,276.0,288,0.0,0.0,0.0,True,
2025-05-14,SD-03,2025-04-12,0.0,0.0,STABLE_WITHIN_TOLERANCE,521.0,False,288.0,300,0.0,0.0,0.0,True,
2023-01-16,SD-04,,,,N_I,,False,,13,,,,False,NULL
2023-02-18,SD-04,2023-01-16,0.0,0.0,STABLE_WITHIN_TOLERANCE,531.6999999999971,False,13.0,25,0.0,0.0,0.0,True,
2023-03-31,SD-04,2023-02-18,0.0,0.0,STABLE_WITHIN_TOLERANCE,721.7000000000044,False,25.0,37,0.0,0.0,0.0,True,
2023-05-09,SD-04,2023-03-31,0.0,0.0,STABLE_WITHIN_TOLERANCE,649.9000000000015,False,37.0,49,0.0,0.0,0.0,True,
2023-06-09,SD-04,2023-05-09,0.0,0.0,STABLE_WITHIN_TOLERANCE,487.5,False,49.0,61,0.0,0.0,0.0,True,
2023-07-17,SD-04,2023-06-09,0.0,0.0,STABLE_WITHIN_TOLERANCE,653.3999999999942,False,61.0,73,0.0,0.0,0.0,True,
2023-08-23,SD-04,2023-07-17,0.0,0.0,STABLE_WITHIN_TOLERANCE,659.8000000000029,False,73.0,85,0.0,0.0,0.0,True,
2023-09-22,SD-04,2023-08-23,0.0,0.0,STABLE_WITHIN_TOLERANCE,496.5,False,85.0,97,0.0,0.0,0.0,True,
2023-10-30,SD-04,2023-09-22,0.0,0.0,STABLE_WITHIN_TOLERANCE,655.3000000000029,False,97.0,109,0.0,0.0,0.0,True,
2023-12-01,SD-04,2023-10-30,0.0,0.0,STABLE_WITHIN_TOLERANCE,554.7999999999956,False,109.0,121,0.0,0.0,0.0,True,
2024-01-09,SD-04,2023-12-01,,,N_I,661.5,False,121.0,133,,,,False,NULL
2024-02-11,SD-04,2024-01-09,,,N_I,562.2000000000044,False,133.0,145,,,,False,NULL
2024-03-13,SD-04,2024-02-11,0.0,0.0,STABLE_WITHIN_TOLERANCE,512.5999999999985,False,145.0,157,0.0,0.0,0.0,True,
2024-04-18,SD-04,2024-03-13,0.0,0.0,STABLE_WITHIN_TOLERANCE,570.6999999999971,False,157.0,169,0.0,0.0,0.0,True,
2024-05-19,SD-04,2024-04-18,0.0,0.0,STABLE_WITHIN_TOLERANCE,540.5999999999985,False,169.0,181,0.0,0.0,0.0,True,
2024-06-25,SD-04,2024-05-19,0.0,0.0,STABLE_WITHIN_TOLERANCE,582.3000000000029,False,181.0,193,0.0,0.0,0.0,True,
2024-08-01,SD-04,2024-06-25,0.0,0.0,STABLE_WITHIN_TOLERANCE,610.0999999999985,False,193.0,205,0.0,0.0,0.0,True,
2024-09-07,SD-04,2024-08-01,0.0,0.0,STABLE_WITHIN_TOLERANCE,624.0999999999985,False,205.0,217,0.0,0.0,0.0,True,
2024-10-10,SD-04,2024-09-07,0.0,0.0,STABLE_WITHIN_TOLERANCE,595.4000000000015,False,217.0,229,0.0,0.0,0.0,True,
2024-11-15,SD-04,2024-10-10,0.0,0.0,STABLE_WITHIN_TOLERANCE,643.0999999999985,False,229.0,241,0.0,0.0,0.0,True,
2025-01-07,SD-04,2024-11-15,0.0,0.0,MAINTENANCE_RESET,479.90000000000146,True,241.0,253,,,,False,MAINTENANCE_RESET
2025-02-06,SD-04,2025-01-07,0.0,0.0,STABLE_WITHIN_TOLERANCE,457.59999999999854,False,253.0,265,0.0,0.0,0.0,True,
2025-03-12,SD-04,2025-02-06,0.0,0.0,STABLE_WITHIN_TOLERANCE,552.3000000000029,False,265.0,277,0.0,0.0,0.0,True,
2025-04-12,SD-04,2025-03-12,0.0,0.0,STABLE_WITHIN_TOLERANCE,470.6999999999971,False,277.0,289,0.0,0.0,0.0,True,
2025-05-14,SD-04,2025-04-12,0.0,0.0,STABLE_WITHIN_TOLERANCE,521.0,False,289.0,301,0.0,0.0,0.0,True,
