Fecha,Equipo,Horas (h),Inspector,Zona,Código,Descripción,L actual (mm),Comentario,Imagen,fila_excel_origen,Código,structural_state,severity_ratio,maintenance_event,classification
2023-01-16,EH4-01,41236.0,INSP-01,Tijeras y spindle (suspensión delantera),SD-01,"Metal base de tijeras, lado derecho",0.0,,EH4_SD_tijeras_spindle.png,10,SD-01,Normal,0.0,False,
2023-01-16,EH4-01,41236.0,INSP-01,Tijeras y spindle (suspensión delantera),SD-02,"Metal base de tijeras, lado izquierdo",0.0,,EH4_SD_tijeras_spindle.png,11,SD-02,Normal,0.0,False,
2023-01-16,EH4-01,41236.0,INSP-01,Tijeras y spindle (suspensión delantera),SD-03,"Metal base de spindle, lado derecho",0.0,,EH4_SD_tijeras_spindle.png,12,SD-03,Normal,0.0,False,
2023-01-16,EH4-01,41236.0,INSP-01,Tijeras y spindle (suspensión delantera),SD-04,"Metal base de spindle, lado izquierdo",0.0,,EH4_SD_tijeras_spindle.png,13,SD-04,Normal,0.0,False,
2023-02-18,EH4-01,41767.7,INSP-02,Tijeras y spindle (suspensión delantera),SD-01,"Metal base de tijeras, lado derecho",0.0,,EH4_SD_tijeras_spindle.png,22,SD-01,Normal,0.0,False,
2023-02-18,EH4-01,41767.7,INSP-02,Tijeras y spindle (suspensión delantera),SD-02,"Metal base de tijeras, lado izquierdo",0.0,,EH4_SD_tijeras_spindle.png,23,SD-02,Normal,0.0,False,
2023-02-18,EH4-01,41767.7,INSP-02,Tijeras y spindle (suspensión delantera),SD-03,"Metal base de spindle, lado derecho",0.0,,EH4_SD_tijeras_spindle.png,24,SD-03,Normal,0.0,False,
2023-02-18,EH4-01,41767.7,INSP-02,Tijeras y spindle (suspensión delantera),SD-04,"Metal base de spindle, lado izquierdo",0.0,,EH4_SD_tijeras_spindle.png,25,SD-04,Normal,0.0,False,
2023-03-31,EH4-01,42489.4,INSP-03,Tijeras y spindle (suspensión delantera),SD-01,"Metal base de tijeras, lado derecho",0.0,,EH4_SD_tijeras_spindle.png,34,SD-01,Normal,0.0,False,
2023-03-31,EH4-01,42489.4,INSP-03,Tijeras y spindle (suspensión delantera),SD-02,"Metal base de tijeras, lado izquierdo",0.0,,EH4_SD_tijeras_spindle.png,35,SD-02,Normal,0.0,False,
2023-03-31,EH4-01,42489.4,INSP-03,Tijeras y spindle (suspensión delantera),SD-03,"Metal base de spindle, lado derecho",0.0,,EH4_SD_tijeras_spindle.png,36,SD-03,Normal,0.0,False,
2023-03-31,EH4-01,42489.4,INSP-03,Tijeras y spindle (suspensión delantera),SD-04,"Metal base de spindle, lado izquierdo",0.0,,EH4_SD_tijeras_spindle.png,37,SD-04,Normal,0.0,False,
2023-05-09,EH4-01,43139.3,INSP-01,Tijeras y spindle (suspensión delantera),SD-01,"Metal base de tijeras, lado derecho",30.0,,EH4_SD_tijeras_spindle.png,46,SD-01,Normal,0.15,False,
2023-05-09,EH4-01,43139.3,INSP-01,Tijeras y spindle (suspensión delantera),SD-02,"Metal base de tijeras, lado izquierdo",0.0,,EH4_SD_tijeras_spindle.png,47,SD-02,Normal,0.0,False,
2023-05-09,EH4-01,43139.3,INSP-01,Tijeras y spindle (suspensión delantera),SD-03,"Metal base de spindle, lado derecho",0.0,,EH4_SD_tijeras_spindle.png,48,SD-03,Normal,0.0,False,
2023-05-09,EH4-01,43139.3,INSP-01,Tijeras y spindle (suspensión delantera),SD-04,"Metal base de spindle, lado izquierdo",0.0,,EH4_SD_tijeras_spindle.png,49,SD-04,Normal,0.0,False,
2023-06-09,EH4-01,43626.8,INSP-03,Tijeras y spindle (suspensión delantera),SD-01,"Metal base de tijeras, lado derecho",40.0,,EH4_SD_tijeras_spindle.png,58,SD-01,Normal,0.2,False,
2023-06-09,EH4-01,43626.8,INSP-03,Tijeras y spindle (suspensión delantera),SD-02,"Metal base de tijeras, lado izquierdo",0.0,,EH4_SD_tijeras_spindle.png,59,SD-02,Normal,0.0,False,
2023-06-09,EH4-01,43626.8,INSP-03,Tijeras y spindle (suspensión delantera),SD-03,"Metal base de spindle, lado derecho",,,EH4_SD_tijeras_spindle.png,60,SD-03,N/I,,False,
2023-06-09,EH4-01,43626.8,INSP-03,Tijeras y spindle (suspensión delantera),SD-04,"Metal base de spindle, lado izquierdo",0.0,,EH4_SD_tijeras_spindle.png,61,SD-04,Normal,0.0,False,
2023-07-17,EH4-01,44280.2,INSP-03,Tijeras y spindle (suspensión delantera),SD-01,"Metal base de tijeras, lado derecho",60.0,,EH4_SD_tijeras_spindle.png,70,SD-01,Normal,0.3,False,
2023-07-17,EH4-01,44280.2,INSP-03,Tijeras y spindle (suspensión delantera),SD-02,"Metal base de tijeras, lado izquierdo",0.0,,EH4_SD_tijeras_spindle.png,71,SD-02,Normal,0.0,False,
2023-07-17,EH4-01,44280.2,INSP-03,Tijeras y spindle (suspensión delantera),SD-03,"Metal base de spindle, lado derecho",0.0,,EH4_SD_tijeras_spindle.png,72,SD-03,Normal,0.0,False,
2023-07-17,EH4-01,44280.2,INSP-03,Tijeras y spindle (suspensión delantera),SD-04,"Metal base de spindle, lado izquierdo",0.0,,EH4_SD_tijeras_spindle.png,73,SD-04,Normal,0.0,False,
2023-08-23,EH4-01,44940.0,INSP-01,Tijeras y spindle (suspensión delantera),SD-01,"Metal base de tijeras, lado derecho",60.0,,EH4_SD_tijeras_spindle.png,82,SD-01,Normal,0.3,False,
2023-08-23,EH4-01,44940.0,INSP-01,Tijeras y spindle (suspensión delantera),SD-02,"Metal base de tijeras, lado izquierdo",,,EH4_SD_tijeras_spindle.png,83,SD-02,N/I,,False,
2023-08-23,EH4-01,44940.0,INSP-01,Tijeras y spindle (suspensión delantera),SD-03,"Metal base de spindle, lado derecho",0.0,,EH4_SD_tijeras_spindle.png,84,SD-03,Normal,0.0,False,
2023-08-23,EH4-01,44940.0,INSP-01,Tijeras y spindle (suspensión delantera),SD-04,"Metal base de spindle, lado izquierdo",0.0,,EH4_SD_tijeras_spindle.png,85,SD-04,Normal,0.0,False,
2023-09-22,EH4-01,45436.5,INSP-02,Tijeras y spindle (suspensión delantera),SD-01,"Metal base de tijeras, lado derecho",70.0,,EH4_SD_tijeras_spindle.png,94,SD-01,Normal,0.35,False,
2023-09-22,EH4-01,45436.5,INSP-02,Tijeras y spindle (suspensión delantera),SD-02,"Metal base de tijeras, lado izquierdo",0.0,,EH4_SD_tijeras_spindle.png,95,SD-02,Normal,0.0,False,
2023-09-22,EH4-01,45436.5,INSP-02,Tijeras y spindle (suspensión delantera),SD-03,"Metal base de spindle, lado derecho",0.0,,EH4_SD_tijeras_spindle.png,96,SD-03,Normal,0.0,False,
2023-09-22,EH4-01,45436.5,INSP-02,Tijeras y spindle (suspensión delantera),SD-04,"Metal base de spindle, lado izquierdo",0.0,,EH4_SD_tijeras_spindle.png,97,SD-04,Normal,0.0,False,
2023-10-30,EH4-01,46091.8,INSP-03,Tijeras y spindle (suspensión delantera),SD-01,"Metal base de tijeras, lado derecho",80.0,,EH4_SD_tijeras_spindle.png,106,SD-01,Normal,0.4,False,
2023-10-30,EH4-01,46091.8,INSP-03,Tijeras y spindle (suspensión delantera),SD-02,"Metal base de tijeras, lado izquierdo",30.0,,EH4_SD_tijeras_spindle.png,107,SD-02,Normal,0.15,False,
2023-10-30,EH4-01,46091.8,INSP-03,Tijeras y spindle (suspensión delantera),SD-03,"Metal base de spindle, lado derecho",0.0,,EH4_SD_tijeras_spindle.png,108,SD-03,Normal,0.0,False,
2023-10-30,EH4-01,46091.8,INSP-03,Tijeras y spindle (suspensión delantera),SD-04,"Metal base de spindle, lado izquierdo",0.0,,EH4_SD_tijeras_spindle.png,109,SD-04,Normal,0.0,False,
2023-12-01,EH4-01,46646.6,INSP-02,Tijeras y spindle (suspensión delantera),SD-01,"Metal base de tijeras, lado derecho",90.0,,EH4_SD_tijeras_spindle.png,118,SD-01,Normal,0.45,False,
2023-12-01,EH4-01,46646.6,INSP-02,Tijeras y spindle (suspensión delantera),SD-02,"Metal base de tijeras, lado izquierdo",30.0,,EH4_SD_tijeras_spindle.png,119,SD-02,Normal,0.15,False,
2023-12-01,EH4-01,46646.6,INSP-02,Tijeras y spindle (suspensión delantera),SD-03,"Metal base de spindle, lado derecho",0.0,,EH4_SD_tijeras_spindle.png,120,SD-03,Normal,0.0,False,
2023-12-01,EH4-01,46646.6,INSP-02,Tijeras y spindle (suspensión delantera),SD-04,"Metal base de spindle, lado izquierdo",0.0,,EH4_SD_tijeras_spindle.png,121,SD-04,Normal,0.0,False,
2024-01-09,EH4-01,47308.1,INSP-03,Tijeras y spindle (suspensión delantera),SD-01,"Metal base de tijeras, lado derecho",110.0,,EH4_SD_tijeras_spindle.png,130,SD-01,Normal,0.55,False,
2024-01-09,EH4-01,47308.1,INSP-03,Tijeras y spindle (suspensión delantera),SD-02,"Metal base de tijeras, lado izquierdo",40.0,,EH4_SD_tijeras_spindle.png,131,SD-02,Normal,0.2,False,
2024-01-09,EH4-01,47308.1,INSP-03,Tijeras y spindle (suspensión delantera),SD-03,"Metal base de spindle, lado derecho",0.0,,EH4_SD_tijeras_spindle.png,132,SD-03,Normal,0.0,False,
2024-01-09,EH4-01,47308.1,INSP-03,Tijeras y spindle (suspensión delantera),SD-04,"Metal base de spindle, lado izquierdo",,,EH4_SD_tijeras_spindle.png,133,SD-04,N/I,,False,
2024-02-11,EH4-01,47870.3,INSP-03,Tijeras y spindle (suspensión delantera),SD-01,"Metal base de tijeras, lado derecho",120.0,,EH4_SD_tijeras_spindle.png,142,SD-01,Normal,0.6,False,
2024-02-11,EH4-01,47870.3,INSP-03,Tijeras y spindle (suspensión delantera),SD-02,"Metal base de tijeras, lado izquierdo",40.0,,EH4_SD_tijeras_spindle.png,143,SD-02,Normal,0.2,False,
2024-02-11,EH4-01,47870.3,INSP-03,Tijeras y spindle (suspensión delantera),SD-03,"Metal base de spindle, lado derecho",0.0,,EH4_SD_tijeras_spindle.png,144,SD-03,Normal,0.0,False,
2024-02-11,EH4-01,47870.3,INSP-03,Tijeras y spindle (suspensión delantera),SD-04,"Metal base de spindle, lado izquierdo",0.0,,EH4_SD_tijeras_spindle.png,145,SD-04,Normal,0.0,False,
2024-03-13,EH4-01,48382.9,INSP-02,Tijeras y spindle (suspensión delantera),SD-01,"Metal base de tijeras, lado derecho",130.0,,EH4_SD_tijeras_spindle.png,154,SD-01,Normal,0.65,False,
2024-03-13,EH4-01,48382.9,INSP-02,Tijeras y spindle (suspensión delantera),SD-02,"Metal base de tijeras, lado izquierdo",50.0,,EH4_SD_tijeras_spindle.png,155,SD-02,Normal,0.25,False,
2024-03-13,EH4-01,48382.9,INSP-02,Tijeras y spindle (suspensión delantera),SD-03,"Metal base de spindle, lado derecho",0.0,,EH4_SD_tijeras_spindle.png,156,SD-03,Normal,0.0,False,
2024-03-13,EH4-01,48382.9,INSP-02,Tijeras y spindle (suspensión delantera),SD-04,"Metal base de spindle, lado izquierdo",0.0,,EH4_SD_tijeras_spindle.png,157,SD-04,Normal,0.0,False,
2024-04-18,EH4-01,48953.6,INSP-01,Tijeras y spindle (suspensión delantera),SD-01,"Metal base de tijeras, lado derecho",150.0,,EH4_SD_tijeras_spindle.png,166,SD-01,Alerta,0.75,False,
2024-04-18,EH4-01,48953.6,INSP-01,Tijeras y spindle (suspensión delantera),SD-02,"Metal base de tijeras, lado izquierdo",50.0,,EH4_SD_tijeras_spindle.png,167,SD-02,Normal,0.25,False,
2024-04-18,EH4-01,48953.6,INSP-01,Tijeras y spindle (suspensión delantera),SD-03,"Metal base de spindle, lado derecho",10.0,,EH4_SD_tijeras_spindle.png,168,SD-03,Normal,0.2,False,
2024-04-18,EH4-01,48953.6,INSP-01,Tijeras y spindle (suspensión delantera),SD-04,"Metal base de spindle, lado izquierdo",0.0,,EH4_SD_tijeras_spindle.png,169,SD-04,Normal,0.0,False,
2024-05-19,EH4-01,49494.2,INSP-03,Tijeras y spindle (suspensión delantera),SD-01,"Metal base de tijeras, lado derecho",140.0,,EH4_SD_tijeras_spindle.png,178,SD-01,Alerta,0.7,False,
2024-05-19,EH4-01,49494.2,INSP-03,Tijeras y spindle (suspensión delantera),SD-02,"Metal base de tijeras, lado izquierdo",60.0,,EH4_SD_tijeras_spindle.png,179,SD-02,Normal,0.3,False,
2024-05-19,EH4-01,49494.2,INSP-03,Tijeras y spindle (suspensión delantera),SD-03,"Metal base de spindle, lado derecho",15.0,,EH4_SD_tijeras_spindle.png,180,SD-03,Normal,0.3,False,
2024-05-19,EH4-01,49494.2,INSP-03,Tijeras y spindle (suspensión delantera),SD-04,"Metal base de spindle, lado izquierdo",0.0,,EH4_SD_tijeras_spindle.png,181,SD-04,Normal,0.0,False,
2024-06-25,EH4-01,50076.5,INSP-02,Tijeras y spindle (suspensión delantera),SD-01,"Metal base de tijeras, lado derecho",150.0,,EH4_SD_tijeras_spindle.png,190,SD-01,Alerta,0.75,False,
2024-06-25,EH4-01,50076.5,INSP-02,Tijeras y spindle (suspensión delantera),SD-02,"Metal base de tijeras, lado izquierdo",70.0,,EH4_SD_tijeras_spindle.png,191,SD-02,Normal,0.35,False,
2024-06-25,EH4-01,50076.5,INSP-02,Tijeras y spindle (suspensión delantera),SD-03,"Metal base de spindle, lado derecho",15.0,,EH4_SD_tijeras_spindle.png,192,SD-03,Normal,0.3,False,
2024-06-25,EH4-01,50076.5,INSP-02,Tijeras y spindle (suspensión delantera),SD-04,"Metal base de spindle, lado izquierdo",0.0,,EH4_SD_tijeras_spindle.png,193,SD-04,Normal,0.0,False,
2024-08-01,EH4-01,50686.6,INSP-01,Tijeras y spindle (suspensión delantera),SD-01,"Metal base de tijeras, lado derecho",180.0,,EH4_SD_tijeras_spindle.png,202,SD-01,Alerta,0.9,False,
2024-08-01,EH4-01,50686.6,INSP-01,Tijeras y spindle (suspensión delantera),SD-02,"Metal base de tijeras, lado izquierdo",80.0,,EH4_SD_tijeras_spindle.png,203,SD-02,Normal,0.4,False,
2024-08-01,EH4-01,50686.6,INSP-01,Tijeras y spindle (suspensión delantera),SD-03,"Metal base de spindle, lado derecho",20.0,,EH4_SD_tijeras_spindle.png,204,SD-03,Normal,0.4,False,
2024-08-01,EH4-01,50686.6,INSP-01,Tijeras y spindle (suspensión delantera),SD-04,"Metal base de spindle, lado izquierdo",0.0,,EH4_SD_tijeras_spindle.png,205,SD-04,Normal,0.0,False,
2024-09-07,EH4-01,51310.7,INSP-03,Tijeras y spindle (suspensión delantera),SD-01,"Metal base de tijeras, lado derecho",180.0,,EH4_SD_tijeras_spindle.png,214,SD-01,Alerta,0.9,False,
2024-09-07,EH4-01,51310.7,INSP-03,Tijeras y spindle (suspensión delantera),SD-02,"Metal base de tijeras, lado izquierdo",80.0,,EH4_SD_tijeras_spindle.png,215,SD-02,Normal,0.4,False,
2024-09-07,EH4-01,51310.7,INSP-03,Tijeras y spindle (suspensión delantera),SD-03,"Metal base de spindle, lado derecho",20.0,,EH4_SD_tijeras_spindle.png,216,SD-03,Normal,0.4,False,
2024-09-07,EH4-01,51310.7,INSP-03,Tijeras y spindle (suspensión delantera),SD-04,"Metal base de spindle, lado izquierdo",0.0,,EH4_SD_tijeras_spindle.png,217,SD-04,Normal,0.0,False,
2024-10-10,EH4-01,51906.1,INSP-01,Tijeras y spindle (suspensión delantera),SD-01,"Metal base de tijeras, lado derecho",200.0,,EH4_SD_tijeras_spindle.png,226,SD-01,Crítico,1.0,False,
2024-10-10,EH4-01,51906.1,INSP-01,Tijeras y spindle (suspensión delantera),SD-02,"Metal base de tijeras, lado izquierdo",80.0,,EH4_SD_tijeras_spindle.png,227,SD-02,Normal,0.4,False,
2024-10-10,EH4-01,51906.1,INSP-01,Tijeras y spindle (suspensión delantera),SD-03,"Metal base de spindle, lado derecho",25.0,,EH4_SD_tijeras_spindle.png,228,SD-03,Normal,0.5,False,
2024-10-10,EH4-01,51906.1,INSP-01,Tijeras y spindle (suspensión delantera),SD-04,"Metal base de spindle, lado izquierdo",0.0,,EH4_SD_tijeras_spindle.png,229,SD-04,Normal,0.0,False,
2024-11-15,EH4-01,52549.2,INSP-03,Tijeras y spindle (suspensión delantera),SD-01,"Metal base de tijeras, lado derecho",200.0,,EH4_SD_tijeras_spindle.png,238,SD-01,Crítico,1.0,False,
2024-11-15,EH4-01,52549.2,INSP-03,Tijeras y spindle (suspensión delantera),SD-02,"Metal base de tijeras, lado izquierdo",90.0,,EH4_SD_tijeras_spindle.png,239,SD-02,Normal,0.45,False,
2024-11-15,EH4-01,52549.2,INSP-03,Tijeras y spindle (suspensión delantera),SD-03,"Metal base de spindle, lado derecho",25.0,,EH4_SD_tijeras_spindle.png,240,SD-03,Normal,0.5,False,
2024-11-15,EH4-01,52549.2,INSP-03,Tijeras y spindle (suspensión delantera),SD-04,"Metal base de spindle, lado izquierdo",0.0,,EH4_SD_tijeras_spindle.png,241,SD-04,Normal,0.0,False,
2025-01-07,EH4-01,53029.1,INSP-03,Tijeras y spindle (suspensión delantera),SD-01,"Metal base de tijeras, lado derecho",0.0,Equipo sale de reparación general de chasis,EH4_SD_tijeras_spindle.png,250,SD-01,Normal,0.0,True,MAINTENANCE_EVENT
2025-01-07,EH4-01,53029.1,INSP-03,Tijeras y spindle (suspensión delantera),SD-02,"Metal base de tijeras, lado izquierdo",0.0,Equipo sale de reparación general de chasis,EH4_SD_tijeras_spindle.png,251,SD-02,Normal,0.0,True,MAINTENANCE_EVENT
2025-01-07,EH4-01,53029.1,INSP-03,Tijeras y spindle (suspensión delantera),SD-03,"Metal base de spindle, lado derecho",0.0,Equipo sale de reparación general de chasis,EH4_SD_tijeras_spindle.png,252,SD-03,Normal,0.0,True,MAINTENANCE_EVENT
2025-01-07,EH4-01,53029.1,INSP-03,Tijeras y spindle (suspensión delantera),SD-04,"Metal base de spindle, lado izquierdo",0.0,Equipo sale de reparación general de chasis,EH4_SD_tijeras_spindle.png,253,SD-04,Normal,0.0,True,MAINTENANCE_EVENT
2025-02-06,EH4-01,53486.7,INSP-02,Tijeras y spindle (suspensión delantera),SD-01,"Metal base de tijeras, lado derecho",0.0,,EH4_SD_tijeras_spindle.png,262,SD-01,Normal,0.0,False,
2025-02-06,EH4-01,53486.7,INSP-02,Tijeras y spindle (suspensión delantera),SD-02,"Metal base de tijeras, lado izquierdo",0.0,,EH4_SD_tijeras_spindle.png,263,SD-02,Normal,0.0,False,
2025-02-06,EH4-01,53486.7,INSP-02,Tijeras y spindle (suspensión delantera),SD-03,"Metal base de spindle, lado derecho",0.0,,EH4_SD_tijeras_spindle.png,264,SD-03,Normal,0.0,False,
2025-02-06,EH4-01,53486.7,INSP-02,Tijeras y spindle (suspensión delantera),SD-04,"Metal base de spindle, lado izquierdo",0.0,,EH4_SD_tijeras_spindle.png,265,SD-04,Normal,0.0,False,
2025-03-12,EH4-01,54039.0,INSP-01,Tijeras y spindle (suspensión delantera),SD-01,"Metal base de tijeras, lado derecho",0.0,,EH4_SD_tijeras_spindle.png,274,SD-01,Normal,0.0,False,
2025-03-12,EH4-01,54039.0,INSP-01,Tijeras y spindle (suspensión delantera),SD-02,"Metal base de tijeras, lado izquierdo",0.0,,EH4_SD_tijeras_spindle.png,275,SD-02,Normal,0.0,False,
2025-03-12,EH4-01,54039.0,INSP-01,Tijeras y spindle (suspensión delantera),SD-03,"Metal base de spindle, lado derecho",0.0,,EH4_SD_tijeras_spindle.png,276,SD-03,Normal,0.0,False,
2025-03-12,EH4-01,54039.0,INSP-01,Tijeras y spindle (suspensión delantera),SD-04,"Metal base de spindle, lado izquierdo",0.0,,EH4_SD_tijeras_spindle.png,277,SD-04,Normal,0.0,False,
2025-04-12,EH4-01,54509.7,INSP-01,Tijeras y spindle (suspensión delantera),SD-01,"Metal base de tijeras, lado derecho",0.0,,EH4_SD_tijeras_spindle.png,286,SD-01,Normal,0.0,False,
2025-04-12,EH4-01,54509.7,INSP-01,Tijeras y spindle (suspensión delantera),SD-02,"Metal base de tijeras, lado izquierdo",0.0,,EH4_SD_tijeras_spindle.png,287,SD-02,Normal,0.0,False,
2025-04-12,EH4-01,54509.7,INSP-01,Tijeras y spindle (suspensión delantera),SD-03,"Metal base de spindle, lado derecho",0.0,,EH4_SD_tijeras_spindle.png,288,SD-03,Normal,0.0,False,
2025-04-12,EH4-01,54509.7,INSP-01,Tijeras y spindle (suspensión delantera),SD-04,"Metal base de spindle, lado izquierdo",0.0,,EH4_SD_tijeras_spindle.png,289,SD-04,Normal,0.0,False,
2025-05-14,EH4-01,55030.7,INSP-02,Tijeras y spindle (suspensión delantera),SD-01,"Metal base de tijeras, lado derecho",0.0,,EH4_SD_tijeras_spindle.png,298,SD-01,Normal,0.0,False,
2025-05-14,EH4-01,55030.7,INSP-02,Tijeras y spindle (suspensión delantera),SD-02,"Metal base de tijeras, lado izquierdo",0.0,,EH4_SD_tijeras_spindle.png,299,SD-02,Normal,0.0,False,
2025-05-14,EH4-01,55030.7,INSP-02,Tijeras y spindle (suspensión delantera),SD-03,"Metal base de spindle, lado derecho",0.0,,EH4_SD_tijeras_spindle.png,300,SD-03,Normal,0.0,False,
2025-05-14,EH4-01,55030.7,INSP-02,Tijeras y spindle (suspensión delantera),SD-04,"Metal base de spindle, lado izquierdo",0.0,,EH4_SD_tijeras_spindle.png,301,SD-04,Normal,0.0,False,
